date,contents
2024-06-10 19:49:10,"보도자료 바로가기 

KT, 에이블스쿨 6기 교육생 모집…한국 AI 경쟁력 강화 앞장

34세 이하 취준생 참여 가능…수료 후 KT 채용지원시 우대
350여 개 기업 취업 연계 성사… 디지털전환 주역으로 활약



KT가 청년 디지털 인재 교육을 통해 한국 AI 경쟁력 강화와 디지털 인재 양성에 앞장선다.
 KT는 다음 달 1일까지 에이블스쿨 6기 교육생을 모집한다고 10일 밝혔다. 이번 모집에서 선발된 입교생들은 9월 초부터 약 6개월간의 교육 과정을 이수한다. 
 에이블스쿨은 KT가 정부와 함께 기업 실무형 디지털 인재를 키우고 AI, 디지털 분야 인재를 필요로 하는 기업의 일자리와 연결해 국가 디지털 경쟁력 제고에 이바지하는 프로그램이다.
 에이블스쿨 교육 과정 수료 후 KT 채용에 지원 시 서류 전형 면제와 우수 수료자 추가 우대 혜택이 제공된다.
 에이블스쿨은 34세 이하 미취업자 가운데 4년제 대학 졸업자 혹은 2025년 2월 졸업 예정자라면 누구나 지원 가능하다. 특히 이번 6기 모집에서는 다른 SW 인재양성 프로그램 수료자를 우대하며, 코딩테스트 시 Java언어 사용자에게 가점이 주어진다.
 교육생들은 교육 기간 총 840시간의 이론 및 실습 교육을 이수하며 기업의 실전형 프로젝트 수행 경험도 쌓는다. 특히 KT는 교육생들이 전국 어디서나 동일한 환경과 조건으로 우수한 품질의 교육을 받을 수 있도록 전용 온라인 교육과 실습 플랫폼 에이블에듀(AIVLE-EDU)를 활용 중이다.
 이 밖에도 서울과 분당 등의 수도권을 비롯한 대전, 광주, 대구, 부산 등에 오프라인 교육장을 마련해 운영 중이며 지역 소재 교육생들로부터 호평을 받고 있다. KT의 현직 전문가들이 직접 참여해 학습 방법 외에도 실무 현장에서 일하는 방식까지 직접 교육한다. 
 교육생에게는 KT가 개발한 인공지능 자격증 AICE는 물론 빅데이터분석기사, SQLD 등 관련 분야 자격증 취득 기회도 적극적으로 제공한다. 여러 가지 실전 학습 이벤트와 프로젝트를 통한 수상 기회 등은 구직 과정에서 교육생들의 핵심 무기로 작용하고 있어 실질적인 취업 지원 방안이란 평가가 잇따르고 있다.
 고충림 KT 인재실장 전무는 “에이블스쿨을 거쳐간 수료생들이 대한민국 곳곳에서 디지털 혁신의 주역으로 활동하고 있다”며 “KT는 앞으로도 디지털 인재 육성 역량을 총동원해 기업 현장의 문제를 해결할 수 있는 실무형 인재를 지속 양성해 대한민국 AI 경쟁력과 저변 확대를 위해 노력하겠다”고 말했다.

출처: 뉴스투데이 "
2024-06-10 19:45:03,"보도자료 바로가기 

KT, 디지털인재 키우는 '에이블스쿨' 모집…""수료 시 KT 채용 혜택""

실전 프로젝트 중심 디지털 인재양성 프로그램 6기 모집
34세 이하 취준생 대상…이전 수료생 350여개 기업 채용



KT가 청년 디지털 인재 양성 프로그램 KT 에이블스쿨의 신규 교육생 모집을 시작한다.

KT는 홈페이지 공고를 통해 10일부터 내달 1일까지 에이블스쿨 6기 교육생을 모집한다고 밝혔다. 이번 모집에서 선발된 입교생들은 9월 초부터 약 6개월 간의 교육 과정에 참여하게 된다.

에이블스쿨은 KT가 정부와 함께 기업 실무형 디지털 인재를 양성하고 AI(인공지능), 디지털 분야 인재를 필요로 하는 기업의 일자리와 연계해 국가 디지털 경쟁력 제고에 기여하는 프로그램이다. 에이블스쿨 교육 과정 수료 후 KT 채용에 지원할 경우 서류 전형 면제 및 우수 수료자 추가 우대 혜택이 주어진다.

에이블스쿨은 34세 이하 미취업자 중 4년제 대학 졸업자 혹은 2025년 2월 졸업 예정자라면 누구나 지원할 수 있다. 특히 이번 6기 모집에서는 타 SW 인재양성 프로그램 수료자를 우대하며, 코딩테스트 시 Java언어 사용자에게 가점을 부여한다.

교육생들은 교육 기간 총 840시간의 이론 및 실습 교육을 받으며 기업의 실전형 프로젝트 수행 경험도 쌓게 된다. 특히 KT는 교육생들이 전국 어디서나 동일한 환경과 조건으로 높은 품질의 교육을 받을 수 있도록 전용 온라인 교육 및 실습 플랫폼 에이블에듀(AIVLE-EDU)를 활용 중이다.

이 밖에도 서울과 분당 등의 수도권을 비롯한 대전·광주·대구·부산 등에 오프라인 교육장을 마련해 운영하고 있어 지역 소재 교육생들의 높은 호응을 얻고 있다. 교육은 무상으로 제공되며 KT의 현직 전문가들이 직접 참여해 학습 방법 외에도 실무 현장에서 일하는 방식까지 직접 코칭한다.

또 교육생에게는 KT가 개발한 인공지능 자격증 AICE 뿐만 아니라 빅데이터분석기사, SQLD 등 관련 분야 자격증 취득 기회도 적극 지원한다. 다양한 실전 학습 이벤트와 프로젝트를 통한 수상 기회 등은 구직 과정에서 교육생들의 핵심 무기로 작용하고 있어 실질적인 취업 지원 방안으로 평가받고 있다.

실제로 에이블스쿨 교육생들은 고용노동부가 주관하는 'K-디지털 트레이닝 해커톤'에서 4회 연속 대상을 석권하는 등 국내 유수 AI 경진 대회와 공모전에 출전해 활약하고 있다. 경기 침체로 인한 취업난이 지속되는 상황에서도 전공과 출신 지역 불문 350여개 기업에 채용돼 AI 개발 및 데이터 분석, IT 운용은 물론 영업과 마케팅 등 다양한 직무 분야에서 디지털 전환을 주도하는 역할을 해내고 있다.

고충림 KT 인재실장(전무)은 ""에이블스쿨을 거쳐간 수료생들이 대한민국 곳곳에서 디지털 혁신의 주역으로 활약하고 있다""며 ""KT는 앞으로도 디지털 인재 육성 역량을 총동원해 기업 현장의 문제를 해결할 수 있는 실무형 인재를 지속 배출하며 대한민국 AI 경쟁력과 저변 확대에 최선을 다하겠다""고 말했다.

한편 KT는 디지털 분야 신성장 사업 영역에서 가시적인 성과를 내기 위해 올해 1000명 규모의 디지털 인재 채용 계획을 밝힌 바 있다.

출처: 뉴시스 "
2024-05-28 08:30:52,"보도자료 바로가기 

KT AIVLE School, '경력 같은 신입' 양성으로 취업 문 활짝 열다


사진 = KT 에이블 스쿨 이미지 /출처 = 대한상공회의소

대한상공회의소가 고용노동부와 국내외 대기업들과 함께 2021년부터 진행하고 있는 ‘첨단산업·디지털 선도기업 아카데미’가 기업 맞춤형 인재 양성 요람으로 자리 잡고 있다.

‘기업에 필요한 인재는 기업이 직접 기른다’는 취지로 운영되는 선도기업 아카데미는 올해 11개 훈련 과정을 추가해 총 31개 기업이 42개의 교육 과정을 운영할 예정이다.

KT는 원년 기업으로서 4년째 선도기업 아카데미에 참여하고 있으며, 올해도 에이블스쿨(AIVLE School)을 통해 인재를 배출할 계획이다. AIVLE은 인공지능(AI), 비전(Vision), 그리고 가능성(able)의 합성어로, KT의 AI와 디지털 전환(DX) 특화 인재 양성 프로그램이다. 자기주도적 학습, 실무 중심의 커리큘럼, 그리고 소통과 협업을 통해 '경력 같은 신입'을 육성한다.
  에이블스쿨의 장점으로는 전국 어디서나 접속 가능한 교육 및 실습 플랫폼을 기반으로 온·오프라인 혼합 교육을 제공하는 점이 있다. 또한, 기업 현직자들이 강사와 멘토로 참여해 실무에서의 일하는 방식을 배울 수 있으며, KT 그룹뿐만 아니라 다양한 기업과의 채용 연계 기회도 제공한다.

에이블스쿨 3기를 수료하고 포스코에 입사한 김석원 씨는 에이블스쿨에서 쌓은 프로젝트 실무 경험이 취업에 큰 도움이 됐다고 말하며 이 과정을 추천했다. “다양한 실전 프로젝트를 통해 이론으로만 배웠던 지식을 실제로 활용하면서 나만의 기술을 익힐 수 있었던 것이 회사 합격에 가장 큰 도움”이라고 전했다.

전자 IT 미디어를 전공한 이호준 씨도 에이블스쿨을 통해 자신감을 크게 얻었다. 한국항공우주산업(KAI) SW개발팀에 근무하고 있는 호준 씨는 “에이블스쿨을 통해 AI 기술에 대한 깊은 이해와 활용 능력을 키웠다”며 “이를 바탕으로 다양한 분야에서 경쟁력을 확보할 수 있다는 자신감을 얻었다”고 밝혔다.

호준 씨는 “에이블스쿨은 나에게 ‘비법(Kick)’ 같은 존재”라며 “셰프가 요리에 특별한 재료를 더해 요리를 완성하듯, 에이블스쿨은 내 자기소개서를 더 돋보이게 만들어줬다. 더 많은 사람이 에이블스쿨을 통해 특별한 경험을 하길 바란다”고 조언했다.

마찬가지로 에이블스쿨 3기 수료생인 윤용완(SK C&C 디지털 ESG그룹 사업개발팀) 씨는 “에이블스쿨을 통해 커뮤니케이션 능력을 키우고, 개발 경험을 쌓은 것이 취업에 큰 도움이 됐다”고 말했다.

대학에서 전자전기공학을 전공한 용완 씨는 데이터 분석과 AI 모델링에 흥미를 느끼고 관련 분야 취업을 준비하던 중 에이블스쿨 3기에 지원해 2023년 1월부터 6개월간 교육을 받았다. 그는 “교육 수료 8개월이 지났지만, 아직도 동료들과 서로의 지식을 공유하며 좋은 관계를 유지하고 있다”고 전했다.

용완 씨는 IT 비전공자라는 ‘핸디캡’에도 IT 기업에 합격한 비결로 ‘풍부한 경험’을 꼽았다. 그는 “촘촘한 교육과 대형 프로젝트 수행을 통해 기본적인 CS 지식과 개발 프로세스를 경험할 수 있었다”며 “에이블스쿨을 통해 얻은 경험은 현업에서도 사업을 이해하는 데 큰 도움이 되고 있다”고 말했다.

한편, KT는 6월부터 에이블스쿨 6기 교육생을 모집할 예정이다. 34세 이하 미취업자 중 4년제 대학 졸업자 또는 2025년 2월 졸업 예정자가 대상이며, 전공은 무관하지만 AI 트랙의 경우 기본적인 코딩 역량이 필요하다. 자세한 내용은 6월 중 KT 에이블스쿨 공식 홈페이지를 참고하면 된다.

이수환 기자 lsh@globalepic.co.kr"
2024-05-28 08:22:00,"보도자료 바로가기 

KT AIVLE School, '경력 같은 신입' 양성으로 취업 문 활짝 열다


대한상공회의소가 고용노동부와 국내외 대기업들과 함께 2021년부터 진행하고 있는 ‘첨단산업·디지털 선도기업 아카데미’가 기업 맞춤형 인재 양성의 요람으로 자리 잡고 있다.

‘기업에 필요한 인재는 기업이 직접 기른다’는 취지로 운영되는 선도기업 아카데미는 올해 11개 훈련 과정을 추가해 총 31개 기업이 42개의 교육 과정을 운영할 예정이다.

KT는 원년 기업으로서 4년째 선도기업 아카데미에 참여하고 있으며, 올해도 에이블스쿨을 통해 인재를 배출할 계획이다. AIVLE은 인공지능, 비전, 그리고 가능성의 합성어로, KT의 AI와 디지털 전환 특화 인재 양성 프로그램이다. 자기주도적 학습, 실무 중심의 커리큘럼, 그리고 소통과 협업을 통해 '경력 같은 신입'을 육성한다.

에이블스쿨의 장점으로는 전국 어디서나 접속 가능한 교육 및 실습 플랫폼을 기반으로 온·오프라인 혼합 교육을 제공하는 점이 있다. 또한, 기업 현직자들이 강사와 멘토로 참여해 실무에서의 일하는 방식을 배울 수 있으며, KT 그룹뿐만 아니라 다양한 기업과의 채용 연계 기회도 제공한다.

에이블스쿨 3기를 수료하고 포스코에 입사한 김석원 씨는 에이블스쿨에서 쌓은 프로젝트 실무 경험이 취업에 큰 도움이 됐다고 말하며 이 과정을 추천했다. “다양한 실전 프로젝트를 통해 이론으로만 배웠던 지식을 실제로 활용하면서 나만의 기술을 익힐 수 있었던 것이 회사 합격에 가장 큰 도움”이라고 전했다.
전자 IT 미디어를 전공한 이호준 씨도 에이블스쿨을 통해 자신감을 크게 얻었다. 한국항공우주산업(KAI) SW개발팀에 근무하고 있는 호준 씨는 “에이블스쿨을 통해 AI 기술에 대한 깊은 이해와 활용 능력을 키웠다”며 “이를 바탕으로 다양한 분야에서 경쟁력을 확보할 수 있다는 자신감을 얻었다”고 밝혔다.

호준 씨는 “에이블스쿨은 나에게 ‘비법’ 같은 존재”라며 “셰프가 요리에 특별한 재료를 더해 요리를 완성하듯, 에이블스쿨은 내 자기소개서를 더 돋보이게 만들어줬다. 더 많은 사람이 에이블스쿨을 통해 특별한 경험을 하길 바란다”고 조언했다.

마찬가지로 에이블스쿨 3기 수료생인 윤용완(SK C&C 디지털 ESG그룹 사업개발팀) 씨는 “에이블스쿨을 통해 커뮤니케이션 능력을 키우고, 개발 경험을 쌓은 것이 취업에 큰 도움이 됐다”고 말했다.

대학에서 전자전기공학을 전공한 용완 씨는 데이터 분석과 AI 모델링에 흥미를 느끼고 관련 분야 취업을 준비하던 중 에이블스쿨 3기에 지원해 2023년 1월부터 6개월간 교육을 받았다. 그는 “교육 수료 8개월이 지났지만, 아직도 동료들과 서로의 지식을 공유하며 좋은 관계를 유지하고 있다”고 전했다.

용완 씨는 IT 비전공자라는 ‘핸디캡’에도 IT 기업에 합격한 비결로 ‘풍부한 경험’을 꼽았다. 그는 “촘촘한 교육과 대형 프로젝트 수행을 통해 기본적인 CS 지식과 개발 프로세스를 경험할 수 있었다”며 “에이블스쿨을 통해 얻은 경험은 현업에서도 사업을 이해하는 데 큰 도움이 되고 있다”고 말했다.

한편, KT는 6월부터 에이블스쿨 6기 교육생을 모집할 예정이다. 34세 이하 미취업자 중 4년제 대학 졸업자 또는 2025년 2월 졸업 예정자가 대상이며, 전공은 무관하지만 AI 트랙의 경우 기본적인 코딩 역량이 필요하다. 자세한 내용은 6월 중 KT 에이블스쿨 공식 홈페이지를 참고하면 된다.

이병훈 기자 leebh@edaily.co.kr "
2023-12-11 09:52:11,"보도자료

KT가 키운 에이블스쿨 디지털 인재 “해커톤 우승 비결은 실무형 교육”


<제5회 K-디지털 트레이닝 해커톤에서 대상을 수상한 KT에이블스쿨 출신 리스타트 팀원들이 화상 인터뷰 중 우승을 의미하는 손가락 한 개를 펼쳐보이고 있다.>

KT 청년 디지털 인재양성 프로그램 에이블스쿨 수료생들이 고용노동부 주관 '제5회 K-디지털 트레이닝 해커톤'에서 대상(장관상)을 수상했다. 실무 역량을 높일 수 있는 실전 프로젝트 중심의 에이블스쿨 교육 커리큘럼이 성과를 거뒀다는 평가다.

해커톤에 참가한 222개팀 중 대상을 수상한 리스타트(RestART)팀은 에이블스쿨 3기 수료생이다. 6명 전원 'DX 컨설턴트 트랙'을 거친 비전공자다. 이들은 인공지능(AI) 감성 추론모델을 이용한 장애 예술인 작품 중개 플랫폼을 개발해 높은 평가를 받았다.

리스타트 팀원들은 에이블스쿨 교육과정 중 아이디어 도출 방법론과 기획서 작성 방법 등 실무 경험을 다수 쌓은 것이 해커톤 우승에 많은 도움이 됐다고 입을 모았다.

이상준 리스타트팀장은 “사업 기획부터 데이터 분석, AI, 웹 개발까지 모든 것을 아우르는 부트캠프는 KT 에이블스쿨이 유일하다”면서 “DX솔루션을 위한 아이디어 기획과 제안서 작성 등 집중적 실무 경험을 쌓을 수 있는 빅프로젝트가 큰 보탬이 됐다”고 말했다.

이지원 프로덕트매니저(PM)도 “실무랑 가깝게 교육을 들은 것이 가장 큰 장점”이라며 “공부로 접한 것과 실무에서 차이가 많다는걸 느꼈고 이번 경험이 취업에 많이 도움이 될 것 같다”고 했다. 이민혁 팀원 역시 “다른 부트캠프 경우 이론 위주였다면 에이블스쿨은 실무에서 사용하는 코드나 기획서 작성법을 배울 수 있어 의미 깊었다”고 강조했다.

실제로 에이블스쿨 교육과정에서는 배운 내용을 프로젝트에 적용해 실전 업무 감각을 익히는 미니프로젝트와 서비스 개발과 제안 전략 결과물을 도출하는 빅프로젝트가 교육생들의 큰 호응을 얻고 있다.

리스타트팀은 심사위원들에게 사업화 가능성 및 기술적 완성도가 우수하다는 평가를 받았다. AI 감성추론 모델을 활용한 작품 추천 기술뿐 아니라 증강현실(AR) 기술로 구매 판단을 돕고 갤러리를 메타버스 가상공간으로 구현해 관람자간 상호작용이 가능하도록 했다.

이 팀장은 “공공기관은 연간 문화예술 구매 총액의 3% 이상을 장애 예술인이 생산한 창작물로 우선구매해야 한다는 규정이 있다”면서 “장애 예술인 작품 중개 플랫폼을 통해 구매율을 10% 높이면서 장애인고용부담금 5억원을 절감하는 효과가 있다”고 설명했다.

에이블스쿨 수료생의 누적 취업률은 71%를 넘어섰다. 대기업 취업 비중 또한 70%에 달한다. 280개 이상 기업이 AI 개발 및 데이터 분석, IT 운용 뿐만 아니라 영업, 마케팅, 재무, 기획 등 다양한 직무 분야 디지털 전환을 위해 에이블스쿨 출신 인재를 영입했다.

KT에이블스쿨 관계자는 “현업에서는 단순히 코딩 스킬보다 문제를 발굴하고 해결방안을 구현해낼 수 있는 실전 능력이 더 중요한 만큼 청년들이 다양한 실전 프로젝트를 경험할 수 있도록 교육을 진행하고 있다”고 밝혔다.


박준호 기자 junho@etnews.com"
2023-12-11 09:39:02,"보도자료 바로가기 

""팀원 모두 비전공자…KT 교육과 국경 넘은 열정 덕에 1등 했죠""


고용노동부 해커톤 우승팀 '리스타트' 인터뷰
인도와 한국 시차 극복, 장애 예술인 작품 판매 플랫폼 개발
팀원 모두 비전공자, 비결은 'KT 에이블스쿨'
초보여도 쉽게, 미니 프로젝트로 실무 경험까지 확보

‘리스타트(RestArt)’팀이 고용노동부 주관 ‘제5회 K-디지털 트레이닝 해커톤’에서 대상을 수상한 모습(사진=KT)

[이데일리 김가은 기자] “팀원 모두가 비전공자입니다. 저희는 KT 에이블스쿨 3기 수료생 출신입니다”

비전공자 취업준비생 6명으로 구성된 ‘리스타트(RestArt)’ 팀은 지난 달 정부 해커톤 대회에서 대상을 거머쥐었다. 이들은 KT의 디지털 인재양성 프로그램 ‘에이블스쿨’에서 만나 지난 7월 교육을 수료했다.

이후 각자 취업을 준비하다 해커톤 도전을 위해 다시 한번 ‘의기투합한’ 이들은 단숨에 1위에 올랐다. 개발 교육을 처음 받은 팀원도 있었다는 점을 감안하면 불과 몇 개월만에 인정받을 만한 역량을 쌓은 셈이다. 특히 인도와 한국의 시차도 극복할 만큼 열정적으로 프로젝트에 임한 점도 대상 수상의 동력으로 꼽혔다.

리스타트팀은 고용노동부 주관 ‘제5회 K-디지털 트레이닝 해커톤’ 대회에서 AI 감성 추론 모델과 증강현실(AR) 기술 기반 장애 예술인 작품 판매·전시 플랫폼을 선보였다. 장애 예술 시장 활성화를 위한 플랫폼을 만들게 된 건 팀장직을 맡은 이상준 씨의 외할아버지 ‘故 장상도 화백’의 영향이 크다. 이 팀장은 “외할아버지께서 겸업 예술가로 다른 직업을 병행하며 생계 활동을 하셨다”며 “그러나 장애 예술인의 경우 겸업이 현실적으로 어려운 부분이 있고, 평균 소득은 18만원이다”라고 설명했다.

이어 “이번 해커톤의 주제가 ‘모두를 위한 디지털 서비스 아이디어 개발’이었고, 이 부분에 대해 팀원들이 크게 공감해 주제를 확정하게 됐다”고 덧붙였다.
그는 “제가 지금 인도에 있는데 해커톤 본선 진출을 하게 됐다는 문자 메시지를 받았다”며 “기쁨을 주체하기 어려워 한 걸음에 비행기표를 끊고 인도에서 발표를 하러 갔다”고 회상했다.

리스타트 팀원들은 에이블스쿨 교육과 이번 대회 우승 경험을 발판삼아 다음 단계로 나아갈 준비를 하고 있다. AI와 웹페이지 백엔드 개발을 맡은 이윤호 씨는 “그 전에는 비전공 개발자로 막연하게 진로를 잡고 있었지만, 에이블스쿨을 통해 데이터와 AI 분야를 고민하며 생각하는 폭이 넓어졌다”며 “공부를 더 하면서 준비 중이고 진로를 찾고 시야를 넓히는 데 도움이 많이 됐다”고 밝혔다.

끝으로 이상준 팀장은 향후 에이블스쿨을 수료할 후배들을 위한 제안도 내놨다. 그는 “에이블스쿨 덕분에 대상을 수상하고 포트폴리오에도 확실히 도움이 됐다고 보지만, 직접 이걸 말하기가 어려웠다”며 “의미와 중요성을 더 강조해주셔서 미래의 에이블스쿨 수료자 분들께 더 도움이 될 수 있는 방향으로 해주셨으면 한다”고 말했다."
2023-11-29 10:14:37,"보도자료 바로가기 ▶

KT, 고용부 해커톤서 4회 연속 대상 쾌거! 청년  디지털인재사관학교 KT 에이블스쿨 5기 모집

34세이하 취준생 대상 모집
지역인재와 비전공자에게도 양질의 교육기회 제공
/사진= 에이블스쿨 4기 교육생들의 교육 프로그램 참여 모습


[이슈앤비즈 김하성 기자] 대한민국 AI 경쟁력 강화 및 디지털 인재 양성에 앞장서고 있는 KT가 내달 18일까지 청년 디지털 인재 양성 프로그램 KT 에이블스쿨 5기 교육생을 모집한다.

이번 5기 모집에는 1989년 1월 1일 이후 출생한 34세 이하 미취업자 중 4년제 대학 졸업자 혹은 2024년 8월 졸업 예정자 누구나 지원 가능하며 최종 선발된 5기 교육생들은 2024년 2월 중순부터 6개월 간의 교육과정에 참여하게 된다.

에이블스쿨은 KT가 정부와 함께 기업 실무형 디지털 인재를 양성하고 AI/DX 인재를 필요로 하는 기업의 일자리와 연계해 국가 디지털 경쟁력 제고에 기여하는 프로그램이다.

교육생들이 전국 어디서나 동일한 환경과 조건으로 높은 품질의 교육을 받을 수 있도록 전용 온라인 교육 및 실습 플랫폼 에이블에듀(AIVLE-EDU)를 활용하고 있다. 

또 서울과 분당 등의 수도권을 비롯한 대전, 광주, 대구, 부산 등에 교육장을 마련해 운영하고 있어 지역 소재 교육생들의 높은 호응도 얻고 있다. 교육은 전액 무상으로 제공되며, KT의 현직 전문가들이 학습 방법 외에도 실무 현장에서 일하는 방식까지 직접 코칭한다.

또 교육생에게 AI 실무 역량을 검정하는 AI 능력시험 ‘AICE(AI Certificate for Everyone)’ 취득 기회를 부여하고, 다양한 학습 이벤트와 프로젝트를 통한 수상 기회 등 교육생들이 구직 과정에서 필요로 하는 실질적인 지원 방안도 다각도로 마련돼 있다.

에이블스쿨 수료생들의 누적 취업률은 71%를 넘어섰고, 500인 이상 대기업 취업 비중 또한 70%에 달한다. 

수료생들은 280여 곳이 넘는 기업에 채용돼 AI 개발 데이터분석, IT운용 뿐만 아니라 영업, 마케팅, 재무 기획 등 다양한 직무 분야에서 디지털 전환을 주도하는 역할을 수행하고 있다.

취업 성과 외에도 에이블스쿨 수료생들은 다양한 수상 실적을 쌓으며 활약하고 있다. 고용노동부 주관 K-디지털 트레이닝 해커톤에서 4회 연속 대상을 수상하는 등 총 51개팀 200여 명의 교육생들이 국내 유수 AI 경진대회와 공모전에 도전하며 우수한 성과를 거둔 바 있다.

특히 28일 진행된 제5회 K-디지털 트레이닝 해커톤에서 수상한 에이블스쿨 3기 출신의 ‘리스타트(RestART)’팀은 인공지능 감성 추론 모델을 이용한 장애 예술인 작품 중개 플랫폼을 개발해 선보였고, 사업화 가능성 및 기술적 완성도가 우수하다는 평가를 받은 것으로 알려졌다.

KT그룹인재개발실장 진영심 상무는 “이제 전 산업 영역과 직무에서 AI는 기본이고 디지털 전환 역량까지 갖춘 인재를 필요로 하고 있으며 이러한 역량을 실무에 접목하면 문제를 접근하는 방법과 해결 방식이 달라진다”고 강조하며 “KT 에이블스쿨은 디지털 역량으로 기업 현장의 문제를 해결할 실무형 인재를 지속 배출하며 대한민국 AI 경쟁력과 저변 확대에 최선을 다할 것”이라고 밝혔다.  

한편 KT는 11월 29일과 12월 5일 양일 에이블스쿨 5기 모집 설명회를 온라인으로 개최한다. 관련 내용과 모집 요강 및 교육 커리큘럼 등의 자세한 사항은 KT 에이블스쿨 홈페이지에서 확인할 수 있다.

출처 : 이슈앤비즈(http://www.issuenbiz.com)"
2023-11-29 10:05:46,"보도자료 바로가기 ▶

청년 디지털인재 사관학교 KT 에이블스쿨 5기 모집

수료생 고용부 해커톤에서 4회 연속 대상 쾌거
KT 직접 설계·코칭…실무형 AI·DX 인재양성프로그램
에이블스쿨 4기 교육생들이 교육 프로그램에 참여하고 있다.[KT 제공]
[헤럴드경제=권제인 기자] KT는 오는 18일까지 청년 디지털 인재 양성 프로그램 KT 에이블스쿨 5기 교육생을 모집한다고 29일 밝혔다.
모집 분야는 2개로 인공지능(AI) 서비스 개발자 양성 과정인 ‘AI 개발자 트랙’과 AI 기반의 데이터 분석 역량을 활용해 디지털 전환을 이끌어내는 컨설턴트 양성 과정 ‘DX 컨설턴트 트랙’이다.
이번 5기 모집에는 1989년 1월 1일 이후 출생한 34세 이하 미취업자 중 4년제 대학 졸업자 혹은 2024년 8월 졸업 예정자 누구나 지원 가능하다. 최종 선발된 5기 교육생들은 2024년 2월 중순부터 6개월간의 교육과정에 참여하게 된다.
에이블스쿨은 KT가 정부와 함께 기업 실무형 디지털 인재를 양성하고 기업의 일자리와 연계해 국가 디지털 경쟁력 제고에 기여하는 프로그램이다. 교육은 전액 무상이며, KT의 현직 전문가들이 학습 방법 외에도 실무 현장에서 일하는 방식까지 직접 코칭한다.
에이블스쿨 4기 교육생들이 교육 프로그램에 참여하고 있다.[KT 제공]
에이블스쿨 수료생들의 누적 취업률은 71%를 넘어섰고 500인 이상 대기업 취업 비중은 70%에 달한다. 수료생들은 280여곳이 넘는 기업에 채용돼 AI 개발 데이터분석, IT운용뿐만 아니라 영업, 마케팅, 재무 기획 등 다양한 직무 분야에서 디지털 전환을 주도하는 역할을 수행하고 있다.
취업 성과 외에도 에이블스쿨 수료생은 다양한 수상 실적을 쌓으며 활약하고 있다. 고용노동부 주관 K-디지털 트레이닝 해커톤에서 4회 연속 대상을 받는 등 총 51개팀 200여명의 교육생들이 국내 유수 AI 경진대회와 공모전에 도전하며 우수한 성과를 거둔 바 있다.
에이블스쿨 4기 교육생들이 교육 프로그램에 참여하고 있다.[KT 제공]
특히 28일 진행된 제5회 K-디지털 트레이닝 해커톤에서 수상한 에이블스쿨 3기 출신의 ‘리스타트(RestART)’팀은 인공지능 감성 추론 모델을 이용한 장애 예술인 작품 중개 플랫폼을 개발해 선보였고, 사업화 가능성 및 기술적 완성도가 우수하다는 평가를 받은 것으로 알려졌다.
진영심 KT그룹인재개발실장 상무는 “전 산업 영역과 직무에서 AI뿐만 아니라 디지털 전환 역량까지 갖춘 인재를 필요로 하고 있다”며 “KT 에이블스쿨은 디지털 역량으로 기업 현장의 문제를 해결할 실무형 인재를 지속 배출해 대한민국 AI 경쟁력과 저변 확대에 최선을 다할 것”이라고 말했다.
에이블스쿨 4기 교육생들이 교육 프로그램에 참여하고 있다.[KT 제공]
eyre@heraldcorp.com"
2023-09-18 10:28:03,"보도자료 바로가기 ▶

KT, '리더스 클럽' 1호 선정…韓 디지털인재 양성 기업 인정

디지털인재 발굴·양성·채용 등 전 영역 성과 인정 받아
""인재 육성 노하우 적극 공유하고 파트너십도 강화할 것""
[서울=뉴시스]KT가 대한민국 디지털 인재 양성에 기여해 온 바를 인정받아 ‘디지털인재 리더스 클럽’에 선정됐다고 18일 밝혔다. 사진은 지난 7월 에이블스쿨 3기 잡페어 현장. (사진=KT 제공)

[서울=뉴시스]윤현성 기자 = KT가 정부로부터 디지털인재양성 기업으로 인증받았다. KT 사내에서 이뤄진 디지털 인력 육성 경험과 인프라를 외부에도 적극 공유하는 등 그간 디지털 인재 양성에 기여해온 바를 인정받았다. KT는 대한민국 디지털 전략 후속조치의 일환인 '디지털인재 리더스 클럽'에 선정됐다고 18일 밝혔다.

리더스 클럽은 디지털 인재양성 종합 방안의 본격 이행을 위해 과학기술정보통신부와 정보통신기획평가원이 주관하는 인증 절차다. 대한민국 디지털 인재 양성에 선도적인 역할을 수행하는 기업을 격려하고, 민관이 협력해 디지털 혁신 문화를 사회 전반으로 확산시키고자 마련됐다.
KT는 미래 사업을 이끌 디지털 인재 양성을 위해 과정 설계-교육-채용에 이르는 전 영역에서 활발히 나서고 있다. 이에 그치지 않고 축적된 내부 인력 육성 경험과 노하우, 교육 인프라 등을 외부에 적극적으로 공유해 국가 차원의 미래 인재 육성을 위해 전방위 협력을 추진 중이다. 이와 같은 기여도를 인정 받아 지난해에는 '사업주 직업능력개발훈련 우수사례 경진대회'에서 고용노동부 장관상을 수상하기도 했다.
청년 인재양성 프로그램 에이블스쿨은 교육생들이 고용노동부 주관 해커톤에 출전해 3회 연속으로 대상을 차지하는 등 국내 대표 디지털 인재 사관학교로서 입지를 다지고 있고, AI 활용능력 시험 AICE(에이스)는 출범 9개월 만에 누적 응시생 1만명을 돌파했다.

이번 2023년 리더스 클럽에는 디지털얼라이언스에 참여 중인 국내 다수 기업이 도전했으며, 교육 과정의 품질과 양성된 인재의 활용 및 인프라의 우수성을 심도있게 평가해 KT를 포함한 3개 기업이 최종 선정됐다. 평가 과정에서 KT는 그간의 디지털 교육 콘텐츠 생산, 인재 양성 교육 및 파트너십 확대, AI 활용 능력시험 AICE 개발, 에이블스쿨 운영 등 기업 내∙외부에서 기울여온 다각도의 디지털 인재 양성 노력을 인정받은 것으로 알려졌다.

진영심 KT 그룹인재개발실장(상무)는 ""전 산업분야에서 디지털 전환이 빠르게 일어나고 있는 만큼 디지털 역량이 핵심 경쟁력이 되고 있다""며 ""KT는 1호 디지털 인재 리더스클럽 인증기업으로서 디지털 인재 육성 노하우가 필요한 파트너와 협력하고 미래를 이끌어 갈 디지털 인재 저변 확대에 기여하겠다""고 말했다.

출처: 뉴시스(https://newsis.com)"
2023-09-18 10:24:12,"보도자료 바로가기 ▶

KT, 대한민국 대표 디지털 인재 양성 기업 인정

과기정통부-IITP, 디지털 인재 리더스 클럽 1호로 KT 선정
에이블스쿨 등 인재 개발 전 영역에서 이뤄온 성과 인정받아
KT 인양성 교육 프로그램 에이브스쿨 [사진=KT]
KT가 '디지털 인재 리더스 클럽(이하 리더스 클럽)'에 선정됐다고 18일 밝혔다. 리더스 클럽은 정부의 '대한민국 디지털 전략' 후속조치 일환으로 인재 양성 종합 방안 이행을 위해 과학기술정보통신부(과기정통부)와 정보통신기획평가원(IITP)이 주관하는 인증 절차다. 선도 인재 양성기업을 격려하고, 민관 협력을 통한 디지털 혁신 문화를 사회 전반으로 확산하기 위해 마련한 제도다.

KT는 미래 사업을 이끌 디지털 인재 양성을 위해 △과정 설계 △교육 △채용에 이르는 전 영역에서 활발히 나서고 있다. 또한 내부 인력 육성 경험, 노하우, 교육 인프라 등을 외부에 적극적으로 공유해 국가 차원의 인재 육성을 위한 협력도 추진 중이다.

지난해에는 '사업주 직업능력개발훈련 우수사례 경진대회'에서 고용노동부 장관상을 수상한 바 있다. 청년 인재 양성 프로그램 '에이블스쿨'은 교육생이 고용노동부 주관 해커톤에 출전해 3회 연속으로 대상을 차지했다. 또 AI 활용능력 시험 'AICE(에이스)'는 출범 9개월 만에 누적 응시생 1만명을 돌파하기도 했다.

이번 2023년 리더스 클럽에는 KT를 포함한 3개 기업이 최종 선정됐다. KT 측은 그간의 △디지털 교육 콘텐츠 생산 △인재 양성 교육과 파트너십 확대 △AI 활용 능력시험 AICE 개발 △에이블스쿨 운영 등 기업 내·외부의 인재 양성 노력을 인정받은 것이라고 설명했다.

진영심 KT 그룹인재개발실장은 ""모든 산업에서 디지털 전환이 일어나고 있는 만큼, 디지털 역량이 핵심 경쟁력이 되고 있다""며 ""KT는 디지털 인재 육성 노하우가 필요한 파트너와 협력하고 미래를 이끌어 갈 디지털 인재 저변 확대에 기여하겠다""고 밝혔다.

출처: 아주경제(www.ajunews.com)"
2023-07-17 10:00:42,"보도자료 바로가기 ▶

KT 에이블스쿨, AI 인재 취업문 연다


<서울 송파구 소피텔 앰배서더 서울 KT 에이블스쿨 잡페어 현장에서 에이블스쿨 3기 교육생들이 채용 정보를 얻고 있는 모습>

KT는 청년 인공지능(AI) 인재양성 프로그램 KT 에이블스쿨 3기 교육생의 취업을 지원하기 위해 잡페어를 개최했다고 밝혔다.

지난 14일 열린 행사에는 KT를 비롯한 BC카드와 케이뱅크, KT DS, KT 클라우드 등 KT 그룹 내 주요기업과 오케스트로(클라우드 소프트웨어), 데이터사이언스랩(빅데이터 분석 솔루션) 등 스타트업이 참여했다.

KT 에이블스쿨 교육생들은 이 자리에서 각 기업별 채용 담당자와 해당 기업의 디지털 전환 관련 직무 분야의 현직자를 만나 자유롭게 질의응답 할 수 있는 시간을 가졌다.

경기 침체로 인한 취업난 속에서도 KT 에이블스쿨의 1기와 2기 수료생들의 누적 취업률은 70% 이상에 달한다. KT 에이블스쿨은 집중적 AI 교육과 다양한 규모의 실무 프로젝트 수행 과정을 중심으로 커리큘럼을 운영하며 교육생 취업 경쟁력을 높이고 있다.

현재 KT 에이블스쿨 3기 교육생들은 18일 수료식을 앞두고 있으며, 내달 8일 입교할 4기 교육생 선발 과정도 진행되고 있다. KT가 자체 개발한 온라인 교육 및 실습 플랫폼 'AIVLE-EDU'를 통해 실시간 생중계 강의를 들으며 1:1 튜터링을 받을 수 있고, 코딩 마스터스 연습도 할 수 있다.

출처: 전자신문"
2023-07-17 09:55:04,"보도자료 바로가기 ▶

KT 에이블스쿨, AI 전문가가 되기 위한 최고의 방법
3기 교육생 취업 지원 위한 잡페어 개최
1·2기 누적 취업률 70% 넘어

14일 서울 송파구 소피텔 앰배서더 서울 KT 에이블스쿨 잡페어 현장에서 에이블스쿨 3기 교육생들이 채용 정보를 얻고 있다. / 사진=KT 제공


KT는 14일 청년 인공지능(AI) 인재양성 프로그램 'KT 에이블스쿨' 3기 교육생 취업을 지원하기 위한 잡페어를 개최했다고 밝혔다.

행사에는 KT를 비롯해 BC카드와 케이뱅크, KT DS, KT클라우드 등 KT 그룹 주요 기업과 오케스트로(클라우드 소프트웨어), 데이터사이언스랩(빅데이터 분석 솔루션) 같은 스타트업이 참여해 채용 설명회를 진행했다.

KT 에이블스쿨 1기와 2기 수료생 누적 취업률은 70%가 넘는다. KT 에이블스쿨은 집중적인 AI 교육과 다양한 규모의 실무 프로젝트 수행 과정을 중심으로 커리큘럼을 운영한다.

KT 에이블스쿨 3기 교육생들은 지난 6월 고용노동부 주관 K-디지털 트레이닝 해커톤에서 대상과 우수상을 차지할 정도로 실력이 우수하다.

KT 에이블스쿨 관계자는 ""KT 에이블스쿨은 대한민국을 AI 강국으로 이끌 경쟁력 있는 디지털 실무 인재를 지속적으로 배출하기 위해 최선을 다할 것""이라고 밝혔다.


출처: 김용주 머니투데이방송 MTN 기자"
2023-07-17 09:52:51,"보도자료 바로가기 ▶

KT, '에이블스쿨' 잡페어 개최…AI역량으로 누적취업률 70%

KT는 지난 14일 청년 인공지능(AI) 인재 양성 프로그램 KT 에이블스쿨(KT AIVLE School) 3기 교육생의 취업을 지원하기 위해 잡페어(Job Fair)를 개최했다고 밝혔다.

이 행사에는 KT를 비롯한 BC카드와 케이뱅크, KT DS, KT클라우드 등의 KT 그룹 내 주요 기업과 오케스트로(클라우드 소프트웨어), 데이터사이언스랩(빅데이터 분석 솔루션) 등 스타트업이 참여해 KT 에이블스쿨이 양성한 우수한 디지털 인재를 대상으로 채용 설명회를 진행했다.

14일 서울 송파구 소피텔 앰배서더 서울 KT 에이블스쿨 잡페어 현장에서 에이블스쿨 3기 교육생들이 채용 정보를 얻고 있는 모습 [사진제공=KT]


KT 에이블스쿨 교육생들은 이 자리에서 기업별 채용 담당자와 해당 기업의 디지털 전환 관련 직무 분야의 현직자를 만나 자유롭게 질의응답 할 수 있는 시간을 가졌다. 이날 행사에 참여한 한 교육생은 “IT와 무관한 비전공자임에도 KT 에이블스쿨 교육을 통해 디지털 전환 분야 직무에 도전할 수 있는 실무 경험과 자신감을 얻을 수 있었고, 이 자리에서 채용 담당자로부터 취업 준비에 필요한 실질적인 조언을 얻을 수 있어 큰 도움이 됐다”고 말했다.

KT 에이블스쿨의 1기, 2기 수료생들의 누적 취업률은 70% 이상에 달한다. KT 에이블스쿨은 생성형 AI 시대에 현업에서는 실전 경험이 많고 팀워크에 유능한 개발자와 컨설턴트의 수요가 더 높아질 것으로 판단해 집중적인 AI 교육과 다양한 규모의 실무 프로젝트 수행 과정을 중심으로 커리큘럼을 운영하며 교육생들의 취업 경쟁력을 높이고 있다.

이날 행사에 참석한 채용 담당자들은 “기업에서는 코딩 스킬보다도 다양한 구성원들과 협업해 문제를 발굴하고 실현 가능한 해결 방안을 구현해낼 수 있는 디지털 인재가 절실하다”며 “AI 역량이라는 것은 객관적으로 증명하기 어려운 만큼 에이블스쿨과 같은 프로그램에 참여하며 쌓아온 프로젝트 경험 위주로 본인의 경쟁력을 어필하면 취업에 도움이 될 것”이라고 말했다.

KT 에이블스쿨 3기 교육생들은 지난 6월 고용노동부 주관의 K-디지털 트레이닝 해커톤에서도 대상과 우수상을 차지했다. 앞서 1기와 2기 교육생들도 같은 대회에서 대상을 수상했다.
KT 에이블스쿨 관계자는 “전 산업 영역에서 고도화된 디지털 전환이 요구되고 있어 점차 많은 기업에서 KT 에이블스쿨이 양성한 디지털 실무 인재 채용에 관심을 보인다”며, “앞으로도 KT 에이블스쿨은 대한민국을 AI 강국으로 이끌 경쟁력 있는 디지털 실무 인재를 지속적으로 배출하고, 이들이 보다 많은 영역에서 활약할 수 있도록 채용 기회 확대에 최선을 다할 것”이라고 밝혔다.

현재 KT 에이블스쿨 3기 교육생들은 18일 수료식을 앞두고 있으며, 내달 8일 입교할 4기 교육생 선발 과정도 진행되고 있다. KT가 자체 개발한 온라인 교육 및 실습 플랫폼 '에이블-에듀(AIVLE-EDU)'를 통해 실시간 생중계 강의를 들으며 1:1 튜터링을 받을 수 있고, 코딩 마스터스 연습도 할 수 있다. 수도권을 비롯한 대전, 광주, 대구, 부산 등 KT 광역본부를 거점으로 한 교육장도 이용할 수 있다. KT 그룹 내 현직 전문가들도 에이블스쿨 과정에 참여해 프로젝트 포트폴리오 작성 컨설팅, 모의 면접 등 교육생들이 취업에 실질적인 도움을 받을 수 있도록 다각도로 지원한다.




출처: 오수연 기자 syoh@asiae.co.kr"
2023-07-17 09:39:38,"보도자료 바로가기 ▶

KT AI교육 에이블스쿨, 누적 취업률 70%…그룹사 등 채용

실전 경험으로 쌓은 디지털 역량 무기로
취업난에도 누적 취업률 70% 웃돌아

[이데일리 김현아 기자]
KT가 14일 청년 AI인재양성 프로그램 KT 에이블스쿨(KT AIVLE School) 3기 교육생의 취업을 지원하기 위해 잡페어(Job Fair)를 개최했다. 사진은 14일 서울 송파구 소피텔 앰배서더 서울 KT 에이블스쿨 잡페어 현장에서 에이블스쿨 3기 교육생들이 채용 정보를 얻고 있는 모습.



KT가 지난 14일 청년 AI인재양성 프로그램 KT 에이블스쿨(KT AIVLE School) 3기 교육생의 취업을 지원하기 위해 잡페어(Job Fair)를 개최했다.

이 행사에는 KT를 비롯한 BC카드와 케이뱅크, KT DS, KT Cloud 등의 KT 그룹 내 주요 기업과 오케스트로(클라우드 소프트웨어), 데이터사이언스랩(빅데이터 분석 솔루션)과 같은 굴지의 스타트업이 참여해 KT 에이블스쿨이 양성한 우수한 디지털 인재를 대상으로 채용 설명회를 진행했다.

KT 에이블스쿨 교육생들은 이 자리에서 각 기업별 채용 담당자와 해당 기업의 디지털 전환 관련 직무 분야의 현직자를 만나 자유롭게 질의응답 할 수 있는 시간을 가졌다.

한 교육생은 “IT와 무관한 비전공자임에도 KT 에이블스쿨 교육을 통해 디지털 전환 분야 직무에 도전할 수 있는 실무 경험과 자신감을 얻을 수 있었고, 이 자리에서 채용 담당자로부터 취업 준비에 필요한 실질적인 조언을 얻을 수 있어 큰 도움이 됐다”고 말했다.

경기 침체로 인한 취업난 속에서도 KT 에이블스쿨의 1기와 2기 수료생들의 누적 취업률은 70% 이상에 달한다.

KT 에이블스쿨은 생성형 AI 시대에 현업에서는 실전 경험이 많고 팀워크에 유능한 개발자와 컨설턴트의 수요가 더 높아질 것으로 판단해 집중적인 AI 교육과 다양한 규모의 실무 프로젝트 수행 과정을 중심으로 커리큘럼을 운영하며 교육생들의 취업 경쟁력을 높이고 있다.

행사에 참석한 채용 담당자들은 “기업에서는 코딩 스킬보다도 구성원들과 협업해 문제를 발굴하고 실현 가능한 해결 방안을 구현해낼 수 있는 디지털 인재가 절실하다”고 입을 모았다.

또 “AI 역량이라는 것은 객관적으로 증명하기 어려운 만큼 에이블스쿨과 같은 프로그램에 참여하며 쌓아온 프로젝트 경험 위주로 본인의 경쟁력을 어필하면 취업에 도움이 될 것”이라는 조언도 전했다.

한편 KT 에이블스쿨 3기 교육생들은 지난 6월 고용노동부 주관의 K-디지털 트레이닝 해커톤에서도 대상과 우수상을 차지했다. 앞서 1기와 2기 교육생들도 같은 대회에서 대상을 차지한 바 있어 에이블스쿨 출신 교육생들의 활약상에 채용 담당자들의 눈길이 집중되고 있다.

내달 8일 4기 교육생 선발중

현재 KT 에이블스쿨 3기 교육생들은 18일 수료식을 앞두고 있으며, 내달 8일 입교할 4기 교육생 선발 과정도 진행되고 있다.

KT가 자체 개발한 온라인 교육 및 실습 플랫폼 ‘AIVLE-EDU’를 통해 실시간 생중계 강의를 들으며 1:1 튜터링을 받을 수 있고, 코딩 마스터스 연습도 할 수 있다. 수도권을 비롯한 대전, 광주, 대구, 부산 등 KT광역본부를 거점으로 한 교육장도 이용 가능하다. KT 그룹 내 현직 전문가들도 에이블스쿨 과정에 참여해 프로젝트 포트폴리오 작성 컨설팅, 모의 면접 등 교육생들이 취업에 실질적인 도움을 받을 수 있도록 다각도로 지원한다.  

[출처] 이데일리"
2023-07-05 14:33:02,"보도자료 바로가기 ▶
생성형AI 활용한 그림일기 앱 선봬 해커톤 대상 수상
“실전 프로젝트 중심 에이블스쿨 교육 주효” 評
KT가 운영하는 청년 디지털 인재양성 프로그램 에이블스쿨 3기 교육생들이 고용노동부 주관의 ‘제4회 K-디지털 트레이닝 해커톤’에 출전해 뛰어난 역량을 펼치며 대상과 우수상을 수상했다.
사진은 지난달 28일 서울 강남에서 진행된 해커톤 본선에서 수상한 KT 에이블스쿨 교육생들이 기념촬영을 하는 모습. 사진제공=KT
KT가 운영하는 청년 디지털 인재양성 프로그램 에이블스쿨 3기 교육생들이 고용노동부 주관의 ‘제4회 K-디지털 트레이닝 해커톤’에 출전해 뛰어난 역량을 펼치며 대상과 우수상을 수상했다. 앞서 1기와 2기 교육생도 지난해 같은 대회에서 대상을 차지한 바 있어 디지털 인재 사관학교로서 에이블스쿨의 입지는 더욱 공고해졌다.
이번 해커톤에는 KT를 비롯한 전국의 K-디지털 트레이닝 훈련기관 출신의 훈련생 800여 명이 172개 팀으로 참가해 역대 가장 높은 경쟁률을 기록했다. 두 차례 예선을 거친 후 28일 진행된 최종 본선에서는 총 8개 팀이 경합을 벌였다. 이 가운데 대상을 수상한 ‘SumONE’팀과 우수상을 수상한 ‘식스센스’팀 모두 올해 에이블스쿨에 참여하고 있는 교육생들이다.
특히 대상을 수상한 ‘SumONE’팀은 위치정보와 생성형 AI를 활용해 일상을 기록하고 공유할 수 있는 그림일기 애플리케이션을 선보여 눈길을 끌었다. 이들은 시장 트렌드를 분석하고 이용자들의 니즈를 파악해 서비스 상용화 및 창업 가능성을 높인 측면에서 높은 평가를 받은 것으로 알려졌다.
SumONE팀의 리더를 맡은 김주환 교육생은 “최근 꾸준히 일과나 생각을 기록하는 일기쓰기 챌린지가 화제를 끄는 것을 보며 AI를 활용해 소소한 일상들을 보다 쉽고 특별하게 기록할 수 있다면 어떨까 하는 생각에서 서비스 기획을 시작했다”며, “유사 서비스가 많은 상황에서 차별점을 갖기 위해 생성형 AI를 활용했고, 사용자 간에 간편하게 공유할 수 있는 기능도 도입했다”고 말했다.
또 “생성형AI 시대에 우수한 개발자란 개발 역량 외에도 서비스 기획 단계에서 시장 트렌드나 사업성 등을 읽어내는 감각도 갖춰야 한다는 것을 깨달았고, 여러 중요한 역할을 하는 팀 내 다양한 구성원들과의 소통과 협업 또한 프로젝트 성패를 결정하는 중요한 요소임을 체득했다”고 해커톤 참여의 소회를 밝혔다. 특히 교육생들은 에이블스쿨 교육과정 중 아이디어 도출 방법론과 기획서 작성 방법 등 실무 경험을 다수 쌓은 것도 해커톤 우승에 매우 유리했다고 입을 모았다.

KT 에이블스쿨은 청년들의 취업 경쟁력을 높이고 신기술 분야 일자리를 창출하기 위해 고용노동부가 후원하고 KT가 운영하는 디지털 인재양성 프로그램이다.. 에이블스쿨 관계자는 “현업에서는 단순히 코딩 스킬 보다 문제를 발굴하고 해결방안을 구현해낼 수 있는 실전 능력이 더 중요한 만큼 청년들이 다양한 실전 프로젝트를 경험할 수 있도록 교육을 진행하고 있다”고 밝혔다. 실제로 에이블스쿨 교육과정에서는 배운 내용을 프로젝트에 적용해 실전 업무 감각을 익히는 미니프로젝트와 서비스 개발과 제안 전략 결과물을 도출하는 빅프로젝트가 교육생들의 큰 호응을 얻고 있다.

한편, 지난해 진행된 제2회 K-디지털 트레이닝 해커톤에서 대상을 차지한 에이블스쿨 교육생들의 ‘위성사진 기반 도시 정비 AI 서비스’는 올해 상반기부터 천안시에 도입됐다. 이외에도 KT 에이블스쿨이 양성한 인재들은 산업통상자원부, 과학기술정보통신부 등이 주최하는 IT 경진대회에 출전해 지금까지 총 42회의 수상 실적을 쌓았다.

출처 : 이로운넷(https://www.eroun.net)"
2023-07-05 14:23:48,"보도자료 바로가기 ▶
고용부 해커톤서 3회 연속 대상 쾌거
ⓒKT
KT는 자사 청년 디지털 인재양성 프로그램 '에이블스쿨' 3기 교육생들이 고용노동부 주관의 '제4회 K-디지털 트레이닝 해커톤'에서 대상과 우수상을 수상했다고 5일 밝혔다.

이번 해커톤에는 KT를 비롯한 전국의 K-디지털 트레이닝 훈련기관 출신의 훈련생 800여명이 172개 팀으로 참가해 역대 가장 높은 경쟁률을 기록했다.

두 차례 예선을 거친 후 지난달 28일 진행된 최종 본선에서는 총 8개 팀이 경합을 벌였다. 대상을 수상한 'SumONE' 팀과 우수상을 수상한 '식스센스' 팀은 올해 에이블스쿨에 참여하고 있는 교육생들이다.

대상을 수상한 SumONE 팀은 위치정보와 생성형 AI를 활용해 일상을 기록하고 공유할 수 있는 그림일기 애플리케이션을 선보여 눈길을 끌었다. 이들은 시장 트렌드를 분석하고 이용자들의 니즈를 파악해 서비스 상용화 및 창업 가능성을 높인 측면에서 높은 평가를 받았다.

교육생들은 에이블스쿨 교육 과정 중 아이디어 도출 방법론과 기획서 작성 방법 등 실무 경험을 다수 쌓은 점을 해커톤 우승 배경으로 지목했다.

에이블스쿨은 청년들의 취업 경쟁력을 높이고 신기술 분야 일자리를 창출하기 위해 고용노동부가 후원하고 KT가 운영하는 디지털 인재양성 프로그램이다.

에이블스쿨 관계자는 ""현업에서는 단순히 코딩 스킬 보다 문제를 발굴하고 해결방안을 구현해낼 수 있는 실전 능력이 더 중요한 만큼 청년들이 다양한 실전 프로젝트를 경험할 수 있도록 교육을 진행하고 있다""고 밝혔다.

한편 지난해 진행된 제2회 K-디지털 트레이닝 해커톤에서 대상을 차지한 에이블스쿨 교육생들의 '위성사진 기반 도시 정비 AI 서비스'는 올해 상반기부터 천안시에 도입됐다. 이외에도 KT 에이블스쿨이 양성한 인재들은 산업통상자원부, 과학기술정보통신부 등이 주최하는 IT 경진대회에 출전해 지금까지 총 42회의 수상 실적을 쌓았다.

현재 에이블스쿨은 3기 교육을 마무리하는 단계에 있으며, 다음달 8일 새롭게 입교할 4기를 선발하고 있다.

기사 송고 2023.07.05 09:27 | 수정 2023.07.05 09:27
EBN 연찬모 기자 (ycm@ebn.co.kr)"
2023-07-05 14:16:54,"보도자료 바로가기 ▶

K-디지털 트레이닝 해커톤…에이블스쿨, 대상·우수상 석권
""에이블스쿨서 쌓은 실무 경험 덕에 해커톤 우승에 유리""
[서울=뉴시스]KT는 자사의 청년 디지털 인재양성 프로그램 에이블스쿨 3기 교육생들이 고용노동부 주관의 '제4회 K-디지털 트레이닝 해커톤'에 출전해 대상과 우수상을 수상했다고 5일 밝혔다. 사진은 지난달 28일 서울 강남에서 진행된 해커톤 본선에서 수상한 KT 에이블스쿨 교육생들이 기념촬영을 하는 모습. (사진=KT 제공)
KT가 자사의 청년 디지털 인재양성 프로그램 에이블스쿨 3기 교육생들이 고용노동부 주관의 '제4회 K-디지털 트레이닝 해커톤'에 출전해 대상과 우수상을 수상했다고 5일 밝혔다. 앞서 1~2기 교육생들이 해당 대회에서 대상을 차지한 데 이어 에이블스쿨 교육생들이 3회 연속으로 대상을 차지하게 됐다.

이번 해커톤에는 KT를 비롯한 전국의 K-디지털 트레이닝 훈련기관 출신의 훈련생 800여명이 172개팀으로 참가해 역대 가장 높은 경쟁률을 기록했다. 두 차례 예선을 거친 뒤 지난 달 28일 진행된 최종 본선에서는 총 8개 팀이 경합을 벌였다. 이 가운데 대상을 수상한 'SumONE'팀과 우수상을 수상한 '식스센스'팀은 모두 올해 에이블스쿨에 참여하고 있는 교육생들이다.

대상을 수상한 SumONE팀은 위치정보와 생성형 AI를 활용해 일상을 기록하고 공유할 수 있는 그림일기 애플리케이션을 선보였다. 이들은 시장 트렌드를 분석하고 이용자들의 니즈를 파악해 서비스 상용화 및 창업 가능성을 높인 측면에서 높은 평가를 받았다.
 
SumONE팀의 리더를 맡은 김주환 교육생은 ""최근 꾸준히 일과나 생각을 기록하는 일기쓰기 챌린지가 화제를 끄는 것을 보며 AI를 활용해 소소한 일상들을 보다 쉽고 특별하게 기록할 수 있다면 어떨까 하는 생각에서 서비스 기획을 시작했다""며 ""유사 서비스가 많은 상황에서 차별점을 갖기 위해 생성형 AI를 활용했고, 사용자 간에 간편하게 공유할 수 있는 기능도 도입했다""고 설명했다. 또한 교육생들은 에이블스쿨 교육과정 중 아이디어 도출 방법론과 기획서 작성 방법 등 실무 경험을 다수 쌓은 것도 해커톤 우승에 매우 유리했다고 입을 모았다.

KT 에이블스쿨은 청년들의 취업 경쟁력을 높이고 신기술 분야 일자리를 창출하기 위해 고용노동부가 후원하고 KT가 운영하는 디지털 인재양성 프로그램이다.

에이블스쿨 관계자는 ""현업에서는 단순히 코딩 스킬 보다 문제를 발굴하고 해결방안을 구현해낼 수 있는 실전 능력이 더 중요한 만큼 청년들이 다양한 실전 프로젝트를 경험할 수 있도록 교육을 진행하고 있다""고 강조했다.

실제로 에이블스쿨 교육과정에서는 배운 내용을 프로젝트에 적용해 실전 업무 감각을 익히는 미니프로젝트와 서비스 개발과 제안 전략 결과물을 도출하는 빅프로젝트가 교육생들의 큰 호응을 얻고 있다.

한편 에이블스쿨은 현재 3기 교육을 마무리하는 단계에 있으며, 내달 8일 새롭게 입교할 4기를 선발 중이다.


◎공감언론 뉴시스 hsyhs@newsis.com"
2023-06-05 17:59:01,"보도자료 바로가기 ▶
청년 디지털인재 사관학교 KT 에이블스쿨 4기 모집




[디지털데일리 권하영 기자] KT는 30일부터 청년 디지털 인재 양성 프로그램 KT 에이블스쿨 4기 교육생을 모집한다
에이블스쿨은 KT가 정부와 함께 기업 실무형 디지털 인재를 양성하고 AI/DX 인재를 필요로 하는 기업의 일자리와 연계해 국가 디지털 경쟁력 제고에 기여하는 프로그램이다.
5월30일부터 6월16일까지 모집하는 4기 신규 교육생은 8월 초부터 6개월간의 교육과정에 참여하게 된다. 만 34세 미취업자 중 4년제 대학 졸업자 혹은 2024년 2월 졸업 예정자라면 누구나 지원 가능하다.
에이블스쿨 교육생들은 교육 기간 총 840시간의 이론 및 실습 교육을 받으며 기업의 실전형 프로젝트 수행에도 참여하게 된다.
특히 KT 에이블스쿨은 교육생들이 전국 어디서나 동일한 환경과 조건으로 교육을 받을 수 있도록 온라인 교육 및 실습 플랫폼을 갖췄다. 수도권을 비롯한 대전, 광주, 대구, 부산 등 전국 KT 광역본부를 거점으로 교육장을 운영하고 있어 지역 인재들의 호응도가 높다.
교육은 전액 무상으로 제공되며, 현직의 전문가들이 학습 방법 외에도 실무 현장에서 일하는 방식까지 직접 코칭한다.
또 교육생에게는 AI 실무 역량을 검정하는 AI 능력시험 ‘AICE(AI Certificate for Everyone)’ 취득 기회를 부여하고, 다양한 학습 이벤트와 프로젝트를 통한 수상 기회도 제공한다.

[출처] 디지털데일리    https://www.ddaily.co.kr"
2023-04-12 17:12:45,"보도자료 바로가기 ▶
KT, 에이블스쿨 통해 '산업 현장에서 쓰일 디지털 스킬' 교육 선도
[사진=KT]
싱가포르 정보통신부가 KT의 디지털 융합인재 양성 프로그램인 에이블스쿨 벤치마킹을 위해 KT 문을 두드렸다.

11일 KT에 따르면 지난 5일 싱가포르 MCI 측 미팅 요청을 받아 화상미팅을 통해 에이블스쿨의 설계 과정과 핵심가치, 주요 성과 등에 대한 브리핑을 진행했다. 이날 미팅에 참여한 싱가포르 MCI 측 관계자는 에이블스쿨 교육생들의 전공이나 취업률을 비롯해 수료생과 채용 기업들의 반응 등에 대해 심도 있게 질의하며 깊은 관심을 보였다. 특히 에이블스쿨 수료생 중 80% 이상이 유수 기업에 채용됐다는 높은 취업 성과를 들은 이들은 ""싱가포르에서도 학생들의 디지털 교육 수요가 점차 높아지고 있는데, 단순히 코딩 방법을 가르치는 교육이 아닌 '산업 현장에서 쓰일 디지털 스킬'을 익힐 수 있는 교육 프로그램 마련이 시급함을 깨달았다""고 말했다.

또 기업이 단기적 목표가 아닌 장기적 관점으로 접근하여 디지털 인재 육성 과정을 설계하고 운영할 수 있는 것은 국가 주도로 운영되는 K-디지털 트레이닝 프로그램 등 미래 디지털 인재 확보에 대한 정부의 관심과 역할이 상당히 효과적으로 작용하고 있기 때문이라고 평가했다.

이외에도 KT는 지난해 가을 글로벌 탑티어 AI 연구기관 캐나다 '벡터 연구소'와 맺은 파트너십을 통해 디지털 인재 육성 프로그램 고도화를 위한 상호 교류를 진행 중이다. 국내에서는 성균관대와 홍익대, 단국대 등의 유수 대학 등의 교육과정을 비롯해 한국투자증권 신입사원 교육에도 KT 디지털 인재 육성의 노하우가 활용되고 있다. AI의 기본적 원리 등 이론 습득과 더불어 실제로 업무 현장에서 AI를 접목해 효율을 높일 수 있는 활용능력을 키우는 것이 디지털 인재 육성의 핵심이라는 산업계와 교육계의 공감대가 바탕이 됐다.

[출처] 아주경제 (ajunews.com)"
2023-04-12 17:07:20,"보도자료 바로가기 ▶

KT, 디지털 인재육성 '에이블스쿨' 싱가포르도 주목

싱가포르 정보통신부(Ministry of Communications and Information·이하 MCI)가 에이블스쿨의 벤치마킹을 위해 KT의 문을 두드렸다.
11일 KT에 따르면 최근 싱가포르 MCI측의 요청으로 에이블스쿨의 설계 과정과 핵심가치 및 주요 성과 등에 대한 화상 브리핑을 진행했다.
이날 미팅에 참여한 싱가포르 MCI 측 관계자들은 에이블스쿨 교육생들의 전공이나 취업률을 비롯해 수료생과 채용 기업들의 반응 등에 대해 심도 있게 질의하며 깊은 관심을 보였다. 
특히 에이블스쿨 수료생 중 80% 이상이 유수 기업에 채용됐다는 높은 취업 성과를 들은 이들은 단순히 코딩 방법을 가르치는 교육이 아닌 ‘산업 현장에서 쓰일 디지털 스킬’을 익힐 수 있는 교육 프로그램 마련이 시급함을 깨달았다고 말했다.
또 기업이 단기적 목표가 아닌 장기적 관점으로 접근해 디지털 인재 육성 과정을 설계하고 운영할 수 있는 것은 미래 디지털 인재 확보에 대한 정부의 관심과 역할이 상당히 효과적으로 작용하고 있기 때문이라고 평가했다.
한편 KT는 지난해 가을 글로벌 탑티어 AI 연구기관 캐나다 ‘벡터 연구소(Vector Institute)와 맺은 파트너십을 통해 디지털 인재 육성 프로그램 고도화를 위한 상호 교류를 진행 중이다. 국내에서는 성균관대와 홍익대, 단국대 등의 유수 대학 등의 교육과정을 비롯해 한국투자증권 신입사원 교육에도 KT 디지털 인재 육성의 노하우가 활용되고 있다. 
[출처] 디지털데일리 (ddaily.co.kr) "
2023-04-12 16:55:27,"보도자료 바로가기 ▶
인공지능 활용 노면표시 관리시스템 ‘로드아이즈(RoadEyes)’ 개발 및 실무 적용
노면표시 훼손 상태 자동으로 판별, 3월 이후 시범 운영 계획
충남 천안시가 전국 최초로 AI 기술을 활용한 도로 노면표시 유지관리 시스템인 로드아이즈 솔루션 개발을 완료하고 도로에 적용한다. [천안시 제공]
충남 천안시가 전국 최초로 AI 기술을 활용한 도로 노면표시 유지관리 시스템인 로드아이즈(RoadEyes) 솔루션 개발을 완료하고 도로에 적용한다고 8일 밝혔다.
로드아이즈는 KT의 2022 K-디지털 트레이닝 해커톤 대회 대상 수상작인 위성사진 기반 도시정비 인공지능 서비스 소프트웨어를 고도화한 시스템으로 인공지능 이미지 객체 인식 기술을 활용해 노면표시의 훼손 상태를 자동으로 판별하고 보수해야 하는 구간을 알려주는 관리기능을 갖추고 있다. 
시는 광범위한 도로 노면표시를 효율적으로 관리하기 위해 지난해 10월 한국기술교육대학교, KT와 업무협약을 체결하고 해상도 높은 위성사진과 인공지능(AI)을 통한 자동화 점검, 분석 기술인 ‘로드아이즈(RoadEyes)’ 개발에 나섰다.
시는 도심 지역 초정밀 항공사진 1만5000여장을 인공지능 딥러닝 기술로 학습시켜 횡단보도 등 노면표시의 훼손정도를 자동으로 판별하며 보수 이력까지 자동으로 관리할 수 있도록 돕는다.
시는 이달 중으로 시험 운행에 들어가 다음달 이후에는 어린이 보호구역, 횡단보도, 차선, 과속방지턱 등 민원다발 및 안전우선 구역에 먼저 시범 운영할 계획이다.
시 관계자는 ""이번 인공지능(AI) 기술을 적용한 선제적 교통안전 서비스 최초 사례를 통해 ‘스마트 교통 천안’ 위상을 정립하고, 노면표시 유지관리 업무효율을 개선으로 교통사고 예방 및 미래 모빌리티 서비스에 적극 대응할 수 있을 것으로 기대된다""고 말했다.
[전국매일신문] 천안/ 김석용기자 
syk@jeonmae.co.kr

----------------------------------------------------------------------------------------------------------------------------------------------------------------------------------------------------------------------------------------------------------------------
#2022년 제 2회 K-디지털 트레이닝 해커톤 대회 대상을 수상한 에이블스쿨 도로정찰대팀 
2022 K-디지털 트레이닝 해커톤 대회 대상은 '위성사진 기반 도시 정비 AI 서비스'를 개발한 '도로정찰대'가 차지했다. KT 에이블스쿨(AIVLE School)이 훈련기관으로 참여해 AI로 위성사진 상 도로 차선의 부실한 도색을 인식해 도로정비를 돕는 디지털 서비스를 개발했다. 도로정찰대는 차선 노후화 민원이 발생하고 사고위험도 커지고 도시 미관을 저해하고 있다는 점에 주목했다. 도로정찰대 팀은 위성사진이 업데이트되는 3개월 주기에 맞춰 서버단에서 정보를 업데이트하는 배치 서비스 구조로 데이터 수집·전처리, 모델링, 웹서비스 제작·배포 기술 활용해 문제를 해결했다."
2023-01-26 11:30:01,"보도자료 바로가기 ▶

18일 서울 송파구 소피텔 앰배서더 서울 KT 에이블스쿨 잡페어 현장에서 에이블스쿨 2기 교육생들이 채용 정보를 얻고 있다.


[AP신문 = 배두열 기자] KT가 자사 인력 대상의 디지털 교육 노하우를 사내에서 독점하지 않고 적극 개방해 청년 대상 디지털 역량 교육에 활용함은 물론, 이를 통해 육성된 인재의 채용에도 가장 적극적으로 나서고 있다. 

KT(대표이사 구현모)는 청년 AI인재양성 프로그램 KT 에이블스쿨 2기 교육생을 대상으로 KT그룹을 비롯한 AI 원팀 참여 기업ㆍ스타트업 등이 참여한 가운데 잡페어(Job Fair)를 개최했다고 18일 밝혔다. 

이날 행사에는 KT를 비롯한 KT 클라우드, 지니뮤직, 나스미디어 등의 KT그룹 내 주요 기업뿐만 아니라, AI 원팀 내의 한진그룹도 함께했다. 또 모빌린트(AI반도체개발), RippleAI(영상콘텐츠), 스타일봇(AI패션플랫폼)과 같은 굴지의 스타트업에서도 참여해 KT 에이블스쿨이 양성한 우수한 실무 인재를 대상으로 채용 설명회를 진행했다. 

KT 에이블스쿨 교육생들은 각 기업별 채용 담당자와 해당 기업의 디지털 전환 관련 직무 분야의 현직자를 만나 자유롭게 질의응답 할 수 있는 시간을 가졌다. 

이날 행사에 참석한 한 교육생은 “IT와 무관한 비전공자임에도 KT 에이블스쿨 교육을 통해 기존 전공 분야와 데이터 분석을 접목한 차별화된 스펙을 만들어가고 있다”며, “교육기간 크고 작은 실무 프로젝트 수행에 참여하며 구성원 간 협업을 통해 산출물을 만들어내는 귀한 경험을 쌓았고, 보다 다양한 직무에 도전할 수 있겠다는 자신감도 얻을 수 있었다”고 밝혔다. 

실제, KT 에이블스쿨 1기 수료생 취업률은 'AI 개발자 트랙'에서 83%, 대부분 비전공자로 구성된 'DX 컨설턴트 트랙'에서 81%에 달한다. 이는 에이블스쿨과 같이 집중적인 AI 교육과 실무 프로젝트 수행 경험을 통해 쌓은 디지털 역량이 비전공자들에게도 강력한 취업 무기로 활용될 수 있음을 방증한다. 

이날 행사에 참석한 한 기업의 채용 담당자 역시 “기업에서는 곧바로 실무에 투입할 수 있는 디지털 인재 확보가 절실한데 AI 역량이라는 것은 객관적으로 증명하기 어렵기에 실제 프로젝트 수행 경험 여부가 채용을 결정하는 데 중요한 기준이 되기도 한다”고 강조했다. 

2021년 12월 1기 교육을 시작한 KT 에이블스쿨은 오는 31일 3기 교육 입교를 앞두고 있다. KT가 자체 개발한 온라인 교육 및 실습 플랫폼 'AIVLE-EDU'를 통해 실시간 강의와 1 대 1 튜터링을 제공하며, 수도권을 비롯한 대전, 광주, 대구, 부산 등 KT 광역본부를 거점으로 한 교육장도 지원한다. 특히, 배운 내용을 프로젝트에 적용해 실전 업무 감각을 익히는 미니프로젝트와 서비스 개발과 제안 전략 결과물을 도출하는 빅프로젝트가 교육생들의 큰 호응을 얻고 있다. 

이와 함께, KT 에이블스쿨은 교육생들에게 AI 실무 역량을 검정하는 민간 자격 ‘AICE(AI Certificate for Everyone)’의 취득 기회를 부여하는 한편, 다양한 경쟁 프로그램을 통한 수상 기회도 제공한다. 뿐만 아니라 프로젝트 포트폴리오 작성 컨설팅, 모의 면접 등 교육생들의 취업에 실질적인 도움이 될 수 있는 다각도의 지원 방안도 마련했다. 

한편, KT 에이블스쿨을 수료한 1기 및 2기 교육생들은 고용노동부 주관 'K-DT 해커톤'에서 2회 연속 대상을 수상하는 등 다양한 공모전에 참가해 압도적인 성적을 거뒀다. 2기 교육생의 경우, 실제 KT 사업부서와 함께 미래 디지털 분야 프로젝트에 착수하는 등, KT 에이블스쿨은 AI·DX 분야에서 실무 역량을 쌓을 수 있는 디지털 인재 사관학교로 자리 잡았다. 

KT 그룹인재개발실장 진영심 상무는 “전 산업 영역에서의 빠른 디지털 전환으로 점차 많은 기업에서 KT 에이블스쿨이 양성한 디지털 실무 인재 채용에 관심을 보이고 있다”며, “앞으로도 KT 에이블스쿨은 대한민국을 AI 강국으로 이끌 경쟁력 있는 디지털 실무 인재를 지속적으로 배출하고, 이들이 보다 많은 영역에서 활약할 수 있도록 채용 기회 확대에 최선을 다할 것”이라고 밝혔다.

출처 : AP신문 | 온라인뉴스미디어 에이피신문(https://www.apnews.kr)"
2023-01-26 11:28:46,"보도자료바로가기▶
18일 서울 송파구 소피텔 앰배서더 서울 KT 에이블스쿨 잡페어 현장에서 에이블스쿨 2기 교육생들이 채용 정보를 얻고 있다. (사진제공=KT)
 KT는 청년 AI 인재양성 프로그램 ‘KT 에이블스쿨’ 2기 교육생을 대상으로 KT그룹을 비롯한 AI 원팀 참여 기업, 스타트업 등이 참여한 가운데 잡페어를 개최했다고 18일 밝혔다.

이날 행사에는 KT를 비롯한 KT클라우드, 지니뮤직, 나스미디어 등의 KT그룹 내 주요 기업뿐 아니라 AI 원팀 내의 한진그룹을 비롯해 모빌린트(AI 반도체 개발), RippleAI(영상 콘텐츠), 스타일봇(AI 패션 플랫폼)과 같은 굴지의 스타트업에서도 참여해 KT 에이블스쿨이 양성한 우수한 실무 인재를 대상으로 채용 설명회를 진행했다.

18일 서울 송파구 소피텔 앰배서더 서울 KT 에이블스쿨 잡페어 현장에서 에이블스쿨 2기 교육생들이 채용 정보를 얻고 있다. (사진제공=KT)
 
KT는 청년 AI 인재양성 프로그램 ‘KT 에이블스쿨’ 2기 교육생을 대상으로 KT그룹을 비롯한 AI 원팀 참여 기업, 스타트업 등이 참여한 가운데 잡페어를 개최했다고 18일 밝혔다.

이날 행사에는 KT를 비롯한 KT클라우드, 지니뮤직, 나스미디어 등의 KT그룹 내 주요 기업뿐 아니라 AI 원팀 내의 한진그룹을 비롯해 모빌린트(AI 반도체 개발), RippleAI(영상 콘텐츠), 스타일봇(AI 패션 플랫폼)과 같은 굴지의 스타트업에서도 참여해 KT 에이블스쿨이 양성한 우수한 실무 인재를 대상으로 채용 설명회를 진행했다.

KT 에이블스쿨 교육생들은 기업별 채용 담당자와 해당 기업의 디지털 전환 관련 직무 분야의 현직자를 만나 자유롭게 질의응답하는 시간을 가졌다.

행사에 참석한 한 교육생은 “IT와 무관한 비전공자임에도 KT 에이블스쿨 교육을 통해 기존 전공 분야와 데이터 분석을 접목한 차별화된 스펙을 만들어가고 있다”며 “교육기간 동안 크고 작은 실무 프로젝트 수행에 참여하며 구성원 간 협업을 통해 산출물을 만들어내는 귀한 경험을 쌓았고 보다 다양한 직무에 도전할 수 있겠다는 자신감도 얻었다”고 밝혔다.

한편, KT 에이블스쿨 1기 수료생 취업률은 ‘AI 개발자 트랙’에서 83%, 대부분 비전공자로 구성된 ‘DX 컨설턴트 트랙’에서 81%에 달한다. 이는 에이블스쿨과 같이 집중적인 AI 교육과 실무 프로젝트 수행 경험을 통해 쌓은 디지털 역량이 비전공자에게도 강력한 취업 무기로 활용될 수 있음을 방증한다.

행사에 참석한 한 기업의 채용 담당자는 “기업에서는 곧바로 실무에 투입할 수 있는 디지털 인재 확보가 절실한데 AI 역량이라는 것은 객관적으로 증명하기 어렵기에 실제 프로젝트 수행 경험 여부가 채용을 결정하는데 중요한 기준이 된다”고 강조했다.

KT 에이블스쿨은 2021년 12월 1기 교육을 시작해 이달 말 3기의 교육 입교를 앞두고 있다. KT가 자체 개발한 온라인 교육 및 실습 플랫폼 ‘AIVLE-EDU’를 통해 실시간 강의와 1대1 튜터링을 제공하며 수도권을 비롯한 대전·광주·대구·부산 등 KT 광역본부를 거점으로 한 교육장도 지원한다.

특히, 배운 내용을 프로젝트에 적용해 실전 업무 감각을 익히는 미니프로젝트와 서비스 개발과 제안 전략 결과물을 도출하는 빅프로젝트가 교육생들의 큰 호응을 얻고 있다.

또한, KT 에이블스쿨은 교육생들에게 AI 실무 역량을 검정하는 민간 자격 ‘AICE’의 취득 기회를 부여하는 한편, 다양한 경쟁 프로그램을 통한 수상 기회도 제공한다. 프로젝트 포트폴리오 작성 컨설팅, 모의 면접 등 교육생들의 취업에 실질적인 도움이 되는 다각도의 지원 방안도 마련했다.

진영심 KT 그룹인재개발실장(상무)은 “전 산업 영역에서의 빠른 디지털 전환으로 점차 많은 기업에서 KT 에이블스쿨이 양성한 디지털 실무 인재 채용에 관심을 보이고 있다”며 “앞으로도 KT 에이블스쿨은 대한민국을 AI 강국으로 이끌 경쟁력 있는 디지털 실무 인재를 지속적으로 배출하고, 이들이 보다 많은 영역에서 활약하도록 채용 기회 확대에 최선을 다할 것”이라고 밝혔다.


한편, KT 에이블스쿨 2기는 이달 19일 수료식을 끝으로 모든 교육 과정을 마친다. 3기 교육은 오는 31일부터 시작된다.

박준영 기자 pjy60@viva100.com"
2023-01-26 11:27:02,"보도자료 바로가기 ▶

사진은 서울 광화문 KT 사옥. 2022.1.10/뉴스1 © News1 황기선 기자

국내 인공지능(AI) 산업 내 인력난이 여전한 가운데 KT가 인재 공급에 팔을 걷어 붙이고 나섰다.

18일 KT는 청년 인재 양성 프로그램 'KT 에이블스쿨'(KT AIVLE School) 2기 교육생을 대상으로 잡페어(Job Fair)를 개최했다고 밝혔다.

이날 행사에는 KT를 비롯해 KT 클라우드, 지니뮤직 등 KT 그룹 내 주요 기업뿐만 아니라 한진그룹, 모빌린트, RippleAI, 스타일봇 등이 참여해 채용 설명회를 진행했다.

행사에 참여한 KT 에이블스쿨 2기 교육생들은 각 기업별 채용 담당자와 해당 기업 관련 직무 분야의 현직자를 만나 질의응답 시간을 가졌다.

KT는 향후 5년간 에이블스쿨을 통해 약 5000명의 디지털 인재를 집중 양성하겠다는 계획을 밝힌 바 있다. AI 산업이 성장하고 있는 반면 인력난 문제는 해소되지 않는 상황에서 인재 양성에 직접 나서겠다는 구상이다.

특히 직접 채용뿐만 아니라 유망 스타트업 및 강소기업과의 채용 연계를 통해 채용 한파 및 인력난의 문제를 동시에 해소하겠다는 방침이다. 실제로 KT 에이블스쿨 1기 수료생의 취업률은 'AI 개발자 트랙'이 83%, 'DX 컨설턴트 트랙'이 81%를 자랑한다.

KT 에이블스쿨에서는 자체 개발한 온라인 교육 및 실습 플랫폼 '에이블 에듀'(AIVLE-EDU)를 통해 실시간 강의와 일대일 튜터링을 제공한다. 수도권을 비롯한 대전, 광주, 대구, 부산 등 KT 광역본부를 거점으로 한 교육장도 지원한다.

또 교육생들은 AI 실무 역량을 검정하는 민간 자격 '에이스'(AICE)를 취득할 수 있는 기회도 제공 받는다.

KT 에이블스쿨은 지난 2021년 12월 1기 교육을 시작해 이달 말 3기의 교육 입교를 앞두고 있다. 3기 교육은 오는 31일부터 시작되며 프로그램에 대한 자세한 내용은 KT 에이블스쿨 홈페이지에서 확인할 수 있다.

진영심 KT 그룹인재개발실장(상무)은 ""전 산업 영역에서의 빠른 디지털 전환으로 점차 많은 기업에서 KT 에이블스쿨이 양성한 디지털 실무 인재 채용에 관심을 보이고 있다""며 ""앞으로도 KT 에이블스쿨은 대한민국을 AI 강국으로 이끌 경쟁력 있는 디지털 실무 인재를 지속적으로 배출하고, 이들이 보다 많은 영역에서 활약할 수 있도록 채용 기회 확대에 최선을 다할 것""이라고 밝혔다."
2023-01-26 11:25:46,"보도자료 바로가기▶


 

KT(대표이사 구현모)가 청년 AI인재양성 프로그램 KT 에이블스쿨(KT AIVLE School) 2기 교육생을 대상으로 KT그룹을 비롯한 AI 원팀 참여 기업, 스타트업 등이 참여한 가운데 잡페어(Job Fair)를 개최했다고 18일 밝혔습니다.

이날 행사에는 KT를 비롯한 KT 클라우드, 지니뮤직 등의 KT 그룹 내 주요 기업뿐만 아니라 AI 원팀 내의 한진그룹을 비롯해 모빌린트(AI반도체개발), RippleAI(영상콘텐츠), 스타일봇(AI패션플랫폼)과 같은 굴지의 스타트업에서도 참여해 KT 에이블스쿨이 양성한 우수한 실무 인재를 대상으로 채용 설명회를 진행했습니다.

KT 에이블스쿨 교육생들은 이 행사를 통해 각 기업별 채용 담당자와 해당 기업의 디지털 전환 관련 직무 분야의 현직자를 만나 자유롭게 질의응답 할 수 있는 시간을 가졌습니다.

이날 행사에 참석한 한 교육생은 “IT와 무관한 비전공자임에도 KT 에이블스쿨 교육을 통해 기존 전공 분야와 데이터 분석을 접목한 차별화된 스펙을 만들어가고 있다”며, “교육기간 동안 크고 작은 실무 프로젝트 수행에 참여하며 구성원 간 협업을 통해 산출물을 만들어내는 귀한 경험을 쌓았고 보다 다양한 직무에 도전할 수 있겠다는 자신감도 얻을 수 있었다” 고 밝혔습니다.

한편 KT 에이블스쿨 1기 수료생 취업률은 'AI 개발자 트랙'에서 83%, 대부분 비전공자로 구성된 'DX 컨설턴트 트랙'에서 81%에 달합니다. 이는 에이블스쿨과 같이 집중적인 AI 교육과 실무 프로젝트 수행 경험을 통해 쌓은 디지털 역량이 비전공자들에게도 강력한 취업 무기로 활용될 수 있음을 방증합니다. 

실제로 이날 행사에 참석한 한 기업의 채용 담당자는 “기업에서는 곧바로 실무에 투입할 수 있는 디지털 인재 확보가 절실한데 AI 역량이라는 것은 객관적으로 증명하기 어렵기에 실제 프로젝트 수행 경험 여부가 채용을 결정하는데 중요한 기준이 되기도 한다”고 강조했습니다.

KT 에이블스쿨은 2021년 12월 1기 교육을 시작해 이달 말 3기의 교육 입교를 앞두고 있습니다. KT가 자체 개발한 온라인 교육 및 실습 플랫폼 'AIVLE-EDU'를 통해 실시간 강의와 1대 1 튜터링을 제공하며, 수도권을 비롯한 대전, 광주, 대구, 부산 등 KT 광역본부를 거점으로 한 교육장도 지원합니다. 특히 배운 내용을 프로젝트에 적용해 실전 업무 감각을 익히는 미니프로젝트와 서비스 개발과 제안 전략 결과물을 도출하는 빅프로젝트가 교육생들의 큰 호응을 얻고 있습니다.

또 KT 에이블스쿨은 교육생들에게 AI 실무 역량을 검정하는 민간 자격 ‘AICE(AI Certificate for Everyone)’의 취득 기회를 부여하는 한편, 다양한 경쟁 프로그램을 통한 수상 기회도 제공합니다. 뿐만 아니라 프로젝트 포트폴리오 작성 컨설팅, 모의 면접 등 교육생들의 취업에 실질적인 도움이 될 수 있는 다각도의 지원 방안도 마련했습니다.

한편, KT 에이블스쿨을 수료한 1기 및 2기 교육생들은 고용노동부 주관 'K-DT 해커톤'에서 2회 연속 대상을 수상하는 등 다양한 공모전에 참가해 압도적인 성적을 거뒀습니다. 2기 교육생의 경우 실제 KT 사업부서와 함께 미래 디지털 분야 프로젝트에 착수하는 등 KT 에이블스쿨은 AI/DX 분야에서 실무 역량을 쌓을 수 있는 디지털 인재 사관학교로 자리 잡았습니다.

KT 그룹인재개발실장 진영심 상무는 “전 산업 영역에서의 빠른 디지털 전환으로 점차 많은 기업에서 KT 에이블스쿨이 양성한 디지털 실무 인재 채용에 관심을 보이고 있다”며, “앞으로도 KT 에이블스쿨은 대한민국을 AI 강국으로 이끌 경쟁력 있는 디지털 실무 인재를 지속적으로 배출하고, 이들이 보다 많은 영역에서 활약할 수 있도록 채용 기회 확대에 최선을 다할 것”이라고 밝혔습니다.

출처 : 팍스경제TV(http://www.paxetv.com)"
2022-12-22 16:17:12,"보도자료바로가기▶
KT그룹, 에이블스쿨 수료생 전용 채용 전형 운영
‘Self-motivation’ 기반 실무형 교육에 높은 만족
KT의 청년 디지털 인재양성 프로그램 ‘에이블스쿨’ 교육 모습(사진=KT)/그린포스트코리아
청년들의 취업 경쟁력을 높이고 신기술 분야의 일자리를 창출하기 위해 고용노동부가 후원하고, KT가 운영하는 디지털 인재양성 프로그램 'KT 에이블스쿨'이 청년 취업에 실질적 도움을 주는 디지털인재 사관학교로서 입지를 다지고 있다.
KT가 자사의 청년 디지털인재양성 프로그램 '에이블스쿨'의 1기 수료생 중 80% 이상이 KT 그룹을 비롯해 AI 원팀 소속 기업과 스타트업 등 국내 유수 기업에 취업한 것으로 집계됐다고 22일 밝혔다.
KT의 발표에 따르면 지난 해 12월부터 6개월간 진행된 KT 에이블스쿨 1기 수료생의 취업률은 'AI 개발자 트랙'에서 83%, 대부분 비전공자로 구성된 'DX 컨설턴트 트랙'에서 81%에 달했다.
KT 에이블스쿨 1기의 AI 개발자 트랙을 수료한 현 KT 신입사원인 최승훈(25) 사원은 ""개발자로서 개발 능력도 중요하지만 자신의 생각을 다양한 사람들에게 전달하고 협업하는 능력도 중요하다고 생각한다""며, ""에이블스쿨을 통해 이러한 협업 능력을 길렀고, AI 분야에 해당하는 언어나 프레임워크를 배우면서 다양한 분야의 실무 개발 역량을 기를 수 있었다""고 참여 소감을 밝혔다.
특히 수료생들은 여타 디지털 인재양성 프로그램 중 KT 에이블스쿨에서만 운영되는 'DX 컨설턴트' 트랙에 대해 높은 만족도를 나타내고 있다.
DX 컨설턴트 트랙 수료 후 KT에 입사한 김설란(29) 사원은 ""비전공자로서 실무형 인재가 되기 위해 에이블스쿨을 선택했다. “에이블스쿨의 가장 큰 특징은 궁금한 점을 스스로 묻고 답을 찾는 'Self-motivation'으로, 이를 기반으로 한 교육 과정이 실전에 많은 도움이 됐다""며, ""회사의 디지털 역량을 파악해 고객사에 정량적이고 논리적으로 어필하는 DX 컨설턴트의 역할에 매력을 느꼈다""고 말했다.
KT 에이블스쿨은 KT가 자체 개발한 온라인 교육 및 실습 플랫폼 'AIVLE-EDU'를 통해 실시간 강의와 1대 1 튜터링을 제공하며, 수도권을 비롯한 대전, 광주, 대구, 부산 등 KT 광역본부를 거점으로 한 교육장도 지원한다.
에이블스쿨 교육과정에서는 특히 배운 내용을 프로젝트에 적용해 실전 업무 감각을 익히는 미니프로젝트와 서비스 개발과 제안 전략 결과물을 도출하는 빅프로젝트가 교육생들의 큰 호응을 얻고 있다.
한편, KT 에이블스쿨을 수료한 1기 및 2기 교육생들은 고용노동부 주관 'K-DT 해커톤'에서 2회 연속 대상을 수상하는 등 다양한 공모전에 참가해 좋은 성적을 거두고 있다.

2기 교육생의 경우 실제 KT 사업부서와 함께 미래 디지털 분야 프로젝트를 진행하는 등 KT 에이블스쿨은 AI/DX 분야에서 실무 역량을 쌓을 수 있는 디지털 인재양성소로 자리 잡았다. 내년 1월에는 3기 교육과정을 앞두고 있다.

현재 KT 에이블스쿨 채용에는 KT 그룹과 AI 원팀, Korea AI Startup 100 소속 기업을 비롯해 국내 유수의 IT 기업과 금융 기업이 참여하며, 이중 다수의 KT 그룹사는 에이블스쿨 수료생을 위한 채용 전형을 운영하고 있다. KT는 1기와 동일하게 2기 수료생을 대상으로 KT 그룹 내 수료생 전용 채용 전형을 운영하며, 채용 참여 기업도 계속해서 늘려갈 계획이다.

출처 : 그린포스트코리아(http://www.greenpostkorea.co.kr)"
2022-12-22 16:14:13,"보도자료바로가기▶

KT 에이블스쿨 교육장면. <출처=KT>
KT는 자사 청년 디지털인재양성 프로그램 ‘에이블스쿨’ 1기 수료생 중 80% 이상이 KT 그룹을 비롯해 AI 원팀 소속 기업과 스타트업 등에 취업한 것으로 집계됐다고 22일 밝혔다.
지난해 12월부터 6개월간 진행된 KT 에이블스쿨 1기 수료생의 취업률은 ‘AI 개발자 트랙’에서 83%, 대부분 비전공자로 구성된 ‘디지털전환(DX) 컨설턴트 트랙’에서 81%에 달했다.
KT 에이블스쿨은 KT가 자체 개발한 온라인 교육 및 실습 플랫폼 ‘에이블에듀(AIVLE-EDU)’를 통해 실시간 강의와 1대1 튜터링을 제공하며, 수도권을 비롯한 대전, 광주, 대구, 부산 등 KT 광역본부를 거점으로 한 교육장도 지원한다.
특히 에이블스쿨 교육과정에서 배운 내용을 프로젝트에 적용해 실전 업무 감각을 익히는 미니프로젝트와 서비스 개발과 제안 전략 결과물을 도출하는 빅프로젝트가 교육생들의 큰 호응을 얻고 있다.
현재 KT 에이블스쿨 채용에는 KT 그룹과 AI 원팀, 코리아 AI 스타트업 100 소속 기업을 비롯해 국내 유수의 IT 기업과 금융 기업이 참여하며, 이중 다수의 KT 그룹사는 에이블스쿨 수료생을 위한 채용 전형을 운영하고 있다.
KT 관계자는 “1기와 동일하게 2기 수료생을 대상으로 KT 그룹 내 수료생 전용 채용 전형을 운영하며, 채용 참여 기업도 계속해서 늘려갈 계획”이라고 말했다.
[CEO스코어데일리 / 김동일 기자 / same91@ceoscore.co.kr]"
2022-12-22 16:11:19,"보도자료 바로가기▶

KT는 디지털 인재 양성 프로그램 'KT 에이블스쿨' 1기 수료생의 취업률이 80%를 넘어섰다고 22일 발표했다.

KT 에이블스쿨은 청년들의 취업 경쟁력을 높이고 신기술 분야의 일자리를 창출하기 위해 고용노동부가 후원하고, KT가 운영하고 있다.

작년 12월부터 6개월간 진행된 KT 에이블스쿨 1기 수료생의 취업률은 '인공지능(AI) 개발자 트랙'에서 83%, 비전공자 위주인 'DX 컨설턴트 트랙'에선 81%에 달했다. KT 그룹을 비롯해 AI 원팀 소속 기업과 스타트업 등 국내 유수 기업에 취업했다는 설명이다. KT 관계자는 ""KT 에이블스쿨이 전공자와 비전공자 모두 디지털 인재로 거듭날 수 있는 프로그램이란 사실을 입증했다""고 말했다.

KT 에이블스쿨 채용에는 KT 그룹과 AI 원팀, 코리아 AI 스타트업 100 소속 기업을 비롯해 국내 유수의 IT 기업과 금융 기업이 참여한다. KT 그룹사 다수는 에이블스쿨 수료생을 위한 채용 전형을 운영하고 있다. KT는 1기와 동일하게 2기 수료생을 대상으로 KT 그룹 내 수료생 전용 채용 전형을 운영하며, 채용 참여 기업도 계속해서 늘려갈 계획이다.

KT 에이블스쿨 1기의 AI 개발자 트랙을 수료하고 KT 신입사원으로 입사한 최승훈 씨(25)는 ""개발 능력도 중요하지만 자기 생각을 다양한 사람들에게 전달하고 협업하는 능력도 중요하다고 생각한다""며 ""에이블스쿨을 통해 이러한 협업 능력을 길렀고, AI 언어나 프레임워크를 배우면서 다양한 분야의 실무 개발 역량을 기를 수 있었다""고 말했다.

KT는 특히 KT 에이블스쿨에서만 운영하는 'DX 컨설턴트 트랙'에 대해 수강생들의 만족도가 높았다고 설명했다.

DX 컨설턴트 트랙 수료 후 KT에 입사한 김설란 씨(29)는 ""비전공자로서 실무형 인재가 되기 위해 에이블스쿨을 선택했다""며 ""회사의 디지털 역량을 파악해 고객사에 정량적이고 논리적으로 어필하는 DX 컨설턴트의 역할에 매력을 느꼈다""고 말했다.
KT 에이블스쿨은 KT가 자체 개발한 온라인 교육 및 실습 플랫폼 '에이블 에듀(AIVLE-EDU)'를 통해 실시간 강의와 1대 1 튜터링을 제공한다. 수도권을 비롯한 대전, 광주, 대구, 부산 등 KT 광역본부를 거점으로 한 교육장도 지원한다. 배운 내용을 프로젝트에 적용해 실전 업무 감각을 익히는 미니프로젝트와 서비스 개발과 제안 전략 결과물을 도출하는 빅 프로젝트가 교육생들의 큰 호응을 얻고 있다.

KT 에이블스쿨을 수료한 1·2기 교육생들은 고용노동부 주관 'K-DT 해커톤'에서 2회 연속 대상을 받기도 했다. 2기 교육생은 KT 사업부서와 함께 미래 디지털 분야 프로젝트를 진행하는 등 KT 에이블스쿨은 AI/DX 분야에서 실무 역량을 쌓을 수 있는 디지털 인재양성소로 자리 잡았다는 설명이다. 내년 1월에는 3기 교육과정이 시작된다.

이승우 기자 leeswoo@hankyung.com"
2022-12-08 17:50:47,"보도자료 바로가기▶
(왼쪽부터 시계방향) 이새봄 교육생, 서정윤 교육생, 문상돈 교육생이 8일 온라인으로 열린 인터뷰에서 포즈를 취하고 있다.ⓒKT
""정확한 인공지능(AI) 지식 없이 구글링에 의존해 기술을 쓰다 보니 기초가 부족하다는 생각이 들었다."" (이새봄 교육생)

""컴퓨터학부 복수전공자로서 본전공생들과의 차이를 줄이기 위해 에이블 스쿨에 신청했다."" (문상돈 교육생)

""이론 공부로는 최근 AI 트렌드를 파악하거나 실습하는게 어렵다."" (서정윤 교육생)

고용노동부 주관 ‘K-디지털 트레이닝 해커톤’에서 대상을 받은 '멘토스'팀은 8일 온라인으로 진행된 인터뷰에서 KT 에이블스쿨을 선택한 이유에 대해 이같이 답했다. AI를 이론적으로 접근하는 게 아니라 실무적으로 도움이 되는 AI 역량을 쌓고 싶었다고 한다.

에이블스쿨 2기 교육생인 멘토스는 전공자 3명 비전공자 3명으로 구성된 팀이다. 최근 고용노동부 주관으로 열린 K-디지털 트레이닝 해커톤에서 대상을 받을 만큼 우수한 AI 역량을 가진 팀이다.

이들이 제작한 플랫폼은 ‘자폐 스펙트럼 아동을 위한 양방향 감정 학습 플랫폼’이다. 드라마 '이상한 변호사 우영우' 속 자폐 스펙트럼을 가진 주인공이 아버지의 사진을 통해 감정을 학습하는 장면이 계기가 됐다.

이 팀의 조장을 맡은 이새봄 교육생은 ""자폐 스펙트럼 장애를 가진 사람에게 어떤 방식의 교육이 가장 효율적일지 고민했다""면서 ""타인의 사진이 아닌 본인의 사진으로 감정 학습을 진행하는 자기 모델링 기법을 통한다면 더욱 효과적으로 감정 학습을 진행할 수 있을 것이라는 조언을 듣고 최종적으로 '타인의 사진을 통해 감정을 학습하는 방식'에서 '본인의 사진을 통해 학습하는 모델을주제로 정했다""고 말했다.

KT 에이블스쿨은 청년들의 취업 경쟁력을 높이고 신산업 분야 일자리를 창출하기 위해 고용노동부가 후원하고 KT가 운영하는 청년 AI 인재양성 프로그램이다. 온·오프라인 교육을 동시에 진행하기 때문에 상대적으로 교육 환경이 열악한 지방에서도 쉽게 교육을 받을 수 있다. 교육생 지방 교육생들 참여 비중은 49% 수준으로 거의 절반이 차지한다.

멘토스 팀 역시 대구 경북 지역 소속으로 온라인 교육의 이점을 그대로 흡수한 케이스다. 서정윤 교육생은 ""대부분의 부트캠프 교육이 서울 수도권 중심이라 4학년 막 학기에 학교 다니면서 병행하기 어렵다""면서 ""에이블 스쿨은 온라인 교육을 통해 전국에서 똑같이 수준 높은 교육을 들을 수 있고 지역마다 교육장이 있어 팀 프로젝트를 할 때 언제든지 모여서 할 수도 있었다""고 말했다.

온라인 수업의 한계는 팀 프로젝트로 해결했다. 서정윤 교육생은 “에이블스쿨에서는 한 주제의 수업이 끝날 때마다 그 주제로 팀 프로젝트를 총 7번을 진행했다. 대부분 실제로 KT에서 실제 개발했던 솔루션과 관련된 프로젝트여서 실무에도 굉장히 도움이 됐지만, 그때마다 항상 온종일 팀원들과 함께 의견을 나눴다. 소통하는 것도 배웠지만 의견 충돌이 생겼을 때 어떻게 해결해야 되는지에 대해서도 배울 수 있었다”고 말했다.

이들은 에이블스쿨의 강점으로 프로그램의 질과 취업 연계를 꼽았다. 강사진이 KT 실무진으로 구성된 만큼 다른 부트캠프보다 양질의 커리큘럼 제공이 가능했다는 설명이다. KT에 따르면, 지난 10월 기준 1기 수료생 중 78%가 취업에 성공했다. KT 뿐만 아니라 다른 IT 대기업 취업생들도 배출했다. KT그룹 내 AI 전문가 200여명이 직접 커리큘럼을 만들고 현직자를 위주로 교육을 진행한다.

이새봄 교육생은 ""우선 에이블 스쿨은 KT와 취업 연계가 된다는 점이 굉장히 큰 장점""이라 설명했다. 서정윤 교육생은 ""우리나라에 부트캠프가 정말 많다. 예전에 정부에서 하는 AI 교육을 150시간 정도 이수를 한 적이 있는데 당시에는 강사가 코드를 치는 것을 보고 따라하는 것에 그쳤다면, 에이블스쿨에서는 코드를 복사 붙여넣기 하는게 아니라 직접 해보고 제대로 되고 있는지 전문가들에 확인을 받는 시스템이기 때문에 AI 실력 향상에 도움이 된다""고 말했다.

KT는 이달 5일까지 에이블스쿨 3기 교육생을 모집 중으로 내년 1월부터 새로운 교육 과정을 시작한다. KT가 자체 개발한 온라인 교육 및 실습 플랫폼 ‘AIVLE-EDU’에서 1:1 튜터링는 물론 협업 코딩, 코딩 마스터스 연습도 할 수 있다. 이날 인터뷰에 참석한 석주연 에이블 스쿨사업팀 차장은 ""3기 교육 커리큘럼이나 프로그램은 1~2기와 거의 유사하게 진행될 텐데 수료생들로부터 받은 의견을 반영해 (프로그램을) 보완하고 있다""고 설명했다.

한편, KT는 향후 5년간 에이블스쿨을 통해 전국 단위 약 5000명의 디지털인재를 집중 양성하고 KT그룹의 직접 채용뿐만 아니라 AI원팀 참여 기업, 유망 스타트업·강소기업 채용 연계를 통해 청년실업과 IT인력 부족의 사회적 난제 해결에 기여한다는 계획이다."
2022-12-08 17:48:51,"보도자료 바로가기▶

에이블스쿨 2기 교육생인 이새봄(왼쪽), 서정윤, 문상돈 에이블러. (제공: KT) ⓒ천지일보 2022.12.08
[천지일보=손지하 기자] “어느 부트캠프와 비교해도 KT의 에이블스쿨을 따라올 부트캠프는 없다고 생각했습니다.” “우리나라에 부트캠프가 정말 많은데 에이블스쿨이 가장 유명했습니다.”
에이블스쿨 2기 교육생이자 고용노동부 주관 ‘K-디지털 트레이닝 해커톤’에서 대상을 받은 에이블러(에이블스쿨 교육생)들이 KT의 AI 부트캠프를 선택한 이유다. KT 에이블스쿨은 청년들의 취업 경쟁력을 높이고 신기술 분야 일자리를 창출하기 위해 고용노동부가 후원하고 KT가 운영하는 디지털 인재양성 프로그램이다.
8일 본지는 대상 수상팀 ‘멘토스’와 인터뷰를 진행해 KT 에이블스쿨에 지원한 계기와 프로그램 성과 등에 대해 들어봤다.
‘멘토스’팀은 드라마 ‘이상한 변호사 우영우’에서 영감을 얻어 디지털 기술로부터 소외되는 이가 없기를 바라는 마음으로 ‘자폐 스펙트럼 아동을 위한 양방향 감정 학습 플랫폼’을 개발했다. 이 팀은 전공자 3명과 비전공자 3명으로 이뤄졌으며 지난 7월부터 매일 치열한 이론 교육과 실무 프로젝트에 참여했다. 연령대는 20대 초반부터 30대 초반까지 다양했다.
컴퓨터공학을 전공한 이새봄 에이블러는 “AI와 관련해 여러 프로젝트를 진행한 경험이 있는데 정확한 AI 지식 없이 구글링만 하면서 기술을 쓰다 보니까 기초가 부족하다는 생각이 들었다. 그래서 에이블스쿨을 통해 접할 수 있는 다양한 AI에 대해 기초부터 배우고 싶어서 들어왔다”고 참여 계기를 밝혔다.
신문방송학과 컴퓨터학을 복수 전공한 문상돈 에이블러는 “공부만으로는 진로를 찾는 데 한계가 있었고 본 전공이 아니라 복수 전공이었기 때문에 깊이 있는 배움이 필요하다고 생각했다. 본 전공생과의 갭을 단기간에 줄이고 싶던 와중에 에이블스쿨을 알게 됐고 신청했다”고 말했다.
서정윤 에이블러는 “저는 전공자이지만 학교에서 배우는 AI는 이론 중심이다. 때문에 최근 트렌드를 파악하거나 실습하는 데에는 한계가 있어서 아쉬웠는데 AI를 주제로 한 부트캠프는 에이블스쿨이 유일했기 때문에 지원했다”고 전했다.
고용노동부 주관 ‘K-디지털 트레이닝 해커톤’에 출전한 KT 에이블스쿨의 ‘멘토스’ 팀이 발표를 하고 있다. (제공: KT) ⓒ천지일보 2022.12.08
에이블스쿨은 AI 개발에 대한 기초 지식을 익히기에 좋았다. 문상돈 에이블러는 “실력이 있고 비슷한 꿈을 가진 친구들을 만나게 돼 좋았고 여러 미니 프로젝트를 진행하면서 다양한 분야의 데이터들을 다룰 수 있었다. AI 개발에 대한 기초를 다질 수 있던 게 가장 좋았다”고 했다.
서정윤 에이블러는 “정부에서 하는 AI 교육을 150시간 정도 이수한 적이 있는데 강사가 혼자 수업하는 방식이었기 때문에 (강사가) 코드를 치는 걸 보고 저는 따라 치기만 했던 경험이 있다. 근데 에이블스쿨에서는 코드만 알려주는 게 아니라 이 코드를 어떻게 작성하는지 방향을 알려주고 잘하고 있는지 확인해준다”며 “단순 붙여넣기가 아닌 직접 해보면서 이게 제대로 되고 있는지 전문가한테 확인받는 구조기 때문에 실력 성장이 이뤄질 수 있었다”고 말했다.
팀 프로젝트 자체도 큰 경험이 됐다. 서정윤 에이블러는 “에이블스쿨에서는 한 주제의 수업이 끝날 때마다 그 주제로 팀 프로젝트를 총 7번을 진행했다. 대부분 KT에서 실제 개발했던 솔루션과 관련된 프로젝트여서 실무에도 굉장히 도움이 됐지만 그때마다 항상 온종일 팀원들과 함께 의견을 나눴다. 소통하는 것도 배웠지만 의견 충돌이 생겼을 때 어떻게 해결해야 되는지에 대해서도 배울 수 있었다”고 말했다.
에이블스쿨의 또 다른 장점은 ‘온라인 프로젝트’라는 것이다. 장소의 제약을 받지 않는 점은 전국에 있는 교육생들에게 균등한 교육 기회를 줬다. 멘토스팀에는 대구·경북 등 수도권에서 멀리 떨어진 곳에서 거주하는 에이블러가 많았다.
서정윤 에이블러는 “대부분의 부트캠프 교육이 서울 수도권 중심이라 4학년 마지막 학기에는 학교에 다니면서 병행하기 어려웠고 졸업생도 거주·교통 부분을 해결하기가 어려웠는데 에이블스쿨을 통해서는 전국에서 똑같이 수준 높은 교육을 받을 수 있다는 점이 좋았다”고 설명했다.
또 “오프라인으로 진행했다면 강사가 지역마다 달라져 교육에 차이가 생길 수 있는데 모든 에이블러가 같은 교육을 듣고 성장할 수 있었다”며 “아울러 지방에는 개발자 커뮤니티가 활성화돼 있지 않다. 그런데 일부 스쿨에서 지역마다 교육의 장을 제공해줘서 팀 프로젝트가 필요할 때 언제든지 모여 개발할 수 있게 도왔다”고 덧붙였다.
고용노동부 주관 ‘K-디지털 트레이닝 해커톤’에서 대상 수상 후 ‘멘토스’팀 대표 이새봄 교육생이 기념 촬영을 하고 있다. (제공: KT) ⓒ천지일보 2022.12.08
자폐 스펙트럼 아동을 위한 애플리케이션을 개발하는 과정에서는 진로에 대한 고민도 해소됐다. 문상돈 에이블러는 “진로에 대한 고민이 있었고 해커톤 대회에 참여해 AI 개발에 대한 조언을 구하는 과정에서 아동발달센터에 갔었다. 원장 선생님에게 저희가 만든 자폐 스펙트럼 아동을 위한 앱을 보여드리니까 좋은 앱을 만들어줘서 고맙다고 했다. 그 얘기를 들으면서 제가 어떤 사람이 되고 싶은지 깨달을 수 있었다. 앞으로도 기술 격차를 줄일 수 있는 소프트웨어를 만들고 싶다”고 말했다.
실무형 프로젝트 외에도 취업에 실질적인 도움이 되는 실무 자격인증 취득 지원 및 채용 연계를 진행하고 있다. 1기 수료생 중 80%가 AI 실무 자격 인증 AICE(AI Certificate for Everyone)의 Associate(중급) 자격증을 취득했으며 11월 기준으로 KT 에이블스쿨 1기 수료생 80% 이상이 KT그룹을 비롯해 AI 원팀 소속 기업, 스타트업 등 국내 유수 기업에 취업했다.
이새봄 에이블러는 “에이블스쿨은 KT와 취업 연계가 된다는 점이 아주 큰 장점이라고 생각한다. 강사도 훌륭하다. 작년 강사진을 보고 커리큘럼, 이력 등이 너무 훌륭하다고 느꼈다”고 강조했다.
한편 올해 상반기 같은 대회에서 대상을 받은 KT 에이블스쿨 1기 수료생들의 ‘위성사진 기반 도시 정비 AI 서비스’는 천안시와 함께 실제로 사업화 단계까지 진척됐다. KT와 천안시 간에 체결된 ‘스마트 교통 도시 구현을 위한 업무 협약’을 시작으로 구체적인 개발 단계를 거쳐 실제 현장에 적용될 예정이다. 이 외에도 KT 에이블스쿨 출신 인재들은 산업통상자원부, 과학기술정보통신부 등이 주최하는 IT 경진대회에 출전해 지금까지 총 18회 이상의 수상 실적을 쌓았다.
에이블스쿨 1기는 이달로 1주년을 맞았으며 2기 교육이 진행되고 있다. 내년 1월이면 2기 교육도 마무리된다. 3기 수업도 시작을 앞두고 있다. KT가 자체 개발한 온라인 교육 및 실습 플랫폼 ‘AIVLE-EDU’를 통해 실시간 생중계 강의를 들으며 1:1 튜터링도 받을 수 있고 협업 코딩, 코딩 마스터스 연습도 할 수 있다. 이 외에도 수도권을 비롯한 대전, 광주, 대구, 부산 등 KT 광역본부를 거점으로 한 교육장도 이용 가능하며 현직 전문가들이 학습 방법 외에도 일하는 방식까지 직접 코칭한다."
2022-12-08 17:45:21,"보도자료 바로가기▶

해커톤에 출전한 KT 에이블스쿨의 '멘토스' 팀이 발표를 하는 있다. [사진=KT]
[서울경제TV=설석용기자] KT가 자사의 청년 디지털 인재양성 프로그램 ‘에이블스쿨’ 교육생들이 고용노동부 주관 IT경진대회 'K-디지털 트레이닝 해커톤'에서 대상을 수상했다고 1일 밝혔다.

이번 해커톤에는 KT를 비롯한 전국의 K-디지털 트레이닝 훈련기관 출신 소프트웨어 인재 300 여명이 65개 팀으로 참가했다. 두 차례 예선을 거쳐 진행된 지난 28일의 최종 본선에서는 총 8개 팀이 경합을 벌였고, 이번에 대상을 수상한 '멘토스'팀과 장려상을 수상한 '도로See'팀은 모두 올해 에이블스쿨 2기에 참여하고 있는 교육생으로 구성됐다.

특히 대상을 수상한 ‘멘토스’팀은 드라마 이상한 변호사 우영우에서 영감을 얻어 디지털 기술로부터 소외되는 이가 없기를 바라는 마음으로 '자폐 스펙트럼 아동을 위한 양방향 감정 학습 플랫폼'을 개발했다고 밝혀 눈길을 끌었다. 

'KT 에이블스쿨'은 청년들의 취업 경쟁력을 높이고 신기술 분야 일자리를 창출하기 위해 고용노동부가 후원하고 KT가 운영하는 디지털 인재양성 프로그램이다. 실무형 프로젝트 외에도 취업에 실질적인 도움이 되는 실무 자격인증 취득 지원 및 채용 연계를 진행하고 있다."
2022-11-15 09:27:00,"보도자료 바로가기▶



에이블스쿨 2기 교육생들이 실전형 프로젝트에 참여하고 있는 모습. /KT 제공


KT는 청년 디지털 인재 양성 프로그램 ‘에이블스쿨’의 3기 교육생을 모집한다고 14일 밝혔다.

에이블스쿨은 KT가 정부와 함께 기업 실무형 디지털 인재를 양성하고 인공지능(AI), 디지털전환(DX) 인재를 필요로 하는 기업의 일자리와 연계해 국가 디지털 경쟁력 제고에 기여하는 프로그램이다. 3기 교육생은 12월 5일까지 모집하며, 내년 1월 말부터 6개월 간의 교육과정에 참여하게 된다.

지원자격은 만 34세 미취업자 중 4년제 대학 졸업자 혹은 내년 8월 졸업 예정자다. 에이블스쿨 교육생들은 교육 기간 총 840시간의 이론 및 실습 교육을 받으며 기업의 실전형 프로젝트 수행에도 참여하게 된다.
특히 KT 에이블스쿨은 온라인 교육 및 실습 플랫폼과 수도권을 비롯한 대전, 광주, 대구, 부산 등 전국 KT 광역본부를 거점으로 교육장을 마련해 운영하고 있다.

교육은 전액 무상으로 제공되며, 현직의 전문가들이 학습 방법 외에도 실무 현장에서 일하는 방식까지 직접 코칭한다.
또 교육생에게는 AI 실무 역량을 검정하는 AI 능력시험 ‘AICE(AI Certificate for Everyone)’ 취득 기회를 부여하고, 다양한 학습 이벤트와 프로젝트를 통한 수상 기회도 제공한다.

1기 교육생의 경우 78%가 KT를 포함한 대기업과 스타트업 취업에 성공했다. 비전공자와 지역 출신 인재 비중도 50% 이상이다.
KT는 오는 22일 에이블스쿨 3기 모집 설명회를 온라인으로 개최한다.

진영심 KT 그룹인재개발실장(상무)은 “에이블스쿨을 통해 대한민국 청년들이 디지털 산업을 리딩하는 핵심 인재로 성장할 수 있도록 적극적으로 육성하고 지원할 계획이다”라고 했다."
2022-11-11 09:00:00,"보도자료 바로가기▶



학회 소속 대학 졸업자의 디지털 역량 강화 위한 에이블스쿨 활성화 등 도모
진영심 KT 그룹인재개발실장 상무(오른쪽)과 이성호 한국마케팅학회장 교수가 업무협약식에서 기념 사진을 찍고 있다.ⓒKT
KT는 에이블스쿨 활성화 등의 디지털 인재 육성 분야 협력을 위해 한국마케팅학회와 전략적 업무협약을 체결했다고 11일 밝혔다.

KT와 한국마케팅학회는 이번 협약을 시작으로 학회 회원 대학의 졸업(예정)자를 대상으로 KT 에이블스쿨 교육과정을 홍보하고 에이블스쿨 수료 시 해당 대학에서도 학점 인정을 검토하는 등 구체적인 에이블스쿨 활성화 방안 모색에 나선다.

또 수료생에 대한 취업 지원 프로그램 운영과 제공에도 적극 동참하기로 했다. 이외에도 재학생의 AICE 자격 취득 확대와 같은 다각도의 협력 사항을 발굴해 추진할 계획이다.

11일 시립대학교에서 진행한 협약식에는 KT 그룹인재개발실장 진영심 상무와 한국마케팅학회장 이성호 교수가 참석해 디지털 미래 인재 양성 관련 협력방안을 논의했다.

KT 그룹인재개발실장 진영심 상무는 “AI/DX 기술이 적용될 분야는 무궁무진하며, 기술뿐만 아니라 산업 도메인 지식을 바탕으로 DX 역량을 갖춘 인재가 진정한 디지털 미래인재”라며 “KT가 추진하는 디지털 교육이 산업에서 바로 활약할 수 있는 인재를 양성하는 데 기여하기를 기대한다”고 말했다.

이성호한국마케팅학회장 교수는 “KT와 같은 국내 대표 디지털플랫폼 기업이 직접 디지털 인재를 양성하고 일자리까지 연계하는 프로그램은 사회적인 가치뿐만 아니라 경제적인 가치도 동시에 창출하는 의미 있는 일”이라며 이에 적극적으로 힘을 보태겠다는 의사를 표했다.

한편 KT는 다양한 디지털 미래인재양성 프로그램을 추진하고 있다.

KT 에이블스쿨은 청년들의 취업 경쟁력을 높이고 신산업 분야 일자리 창출을 위해 고용노동부가 후원하고 KT가 운영하는 청년 AI 인재양성 프로그램이다. 교육생들은 6개월 간의 이론 실습 교육을 받고 기업 실전형 프로젝트를 수행하며 디지털 전환을 위한 실무역량을 쌓게 된다. 이 교육은 전액 무상으로 제공되며, 현직의 전문가들이 학습 방법 외에도 일하는 방식까지 직접 코칭한다. 오는 14일 3기 모집이 시작될 에정이며, 자세한 내용은 KT 에이블스쿨 홈페이지에서 확인할 수 있다.

또 KT는 AI 실무역량을 검정하는 자격시험 ‘AICE(AI Certificate for Everyone)’를 출시한 바 있다. 학생들이 달성하고자 하는 AI 역량의 목표점을 두고 학습할 수 있도록 지원하고, AICE 자격증 취득자를 다양한 산업에 속한 기업이 채용에서 우대할 수 있도록 하고 있다. KT는 ‘모두를 위한 AI’를 지향하며, 대한민국 AI 경쟁력 강화를 위해 디지털 인재 육성에 지속 박차를 가할 계획이다."
2022-11-08 09:00:00,"보도자료 바로가기▶

유통데이터 경진대회
[산업부 제공. 재판매 및 DB 금지]
(서울=연합뉴스) 권희원 기자 = 산업통상자원부는 시장에서 판매되는 상품 정보와 소비자 거래 정보 등 유통데이터를 활용해 새로운 비즈니스 모델을 발굴하는 '제1회 유통데이터 활용 경진대회'를 8일 서울 중구 대한상공회의소에서 개최했다.
올해 처음으로 열린 대회에 58개 팀이 참가해 데이터를 활용한 맞춤형 고객서비스와 재고 관리 방안, 신규 사업 아이디어 등을 제시했다.
본선에 진출한 10개 팀 중 대상인 산업부 장관상은 코로나 사태 이후 소비 패턴 변화에 대응하기 위한 유통·판매 전략 수립 방안을 제시한 'AIVLE' 팀에게 돌아갔다."
2022-10-27 09:00:01,"보도자료 바로가기▶

지난 19일 찾은 서울 마포구 KT 에이블스쿨 프로젝트 실습 현장. 20여명의 에이블스쿨 2기 학생들이 모둠별로 둘러앉아 진지한 표정으로 수업에 몰두하고 있었다. KT 관계자는 “오전에 제출하고 발표한 과제와 관련해 KT 내 담당 코치가 하나하나 피드백을 해주는 시간”이라고 설명했다.

KT 에이블스쿨은 고용노동부가 후원하고 KT가 운영하는 디지털 인재양성 프로그램이다. 기업이 필요로 하는 인재를 기업이 직접 양성한다는 관점에서 KT가 디지털 플랫폼 기반 사업자로서 내부 인재 육성 프로그램을 외부에 공개한 것이다.
지난 19일 서울 마포구 KT 에이블스쿨 프로젝트 실습 현장에서 학생들이 수업을 듣고 있다. KT 제공
교육은 AI(인공지능) 서비스 개발자를 양성하는 ‘AI 개발자 트랙’, 정보통신기술(ICT) 서비스를 제안하고 활용을 돕는 ‘DX(디지털전환) 컨설턴트’ 트랙으로 나뉘어 진행된다. 에이블스쿨 교육생들은 하루 8시간씩 6개월간 총 840시간의 교육을 KT 현직자들에게 무상으로 받는다. 이론과 기본 교육은 비대면 중심으로 이뤄지며, 프로젝트 실습 단계에서는 대면 방식의 교육이 병행된다.

1기 수료생이자 KT 강북·강원광역본부 기술 컨설턴트인 김나래씨는 “대학교 휴학 후 코딩 사교육 학원에 다녔는데 한정된 데이터로 모두가 똑같은 결론을 짓는 공장식 교육이라고 느꼈다”며 “에이블스쿨은 기업 실무형이라는 점에서 모두가 알고 있는 데이터를 벗어나 새로운 기업의 데이터를 다룰 수 있겠다는 기대감으로 지원했다”고 말했다.

에이블스쿨의 취업률은 1기 수료생 330명 기준 78%에 달한다. 이 중 50%가 KT와 KT 계열사에 취직했다. 30%는 삼성SDS나 LG CNS 등 대기업 계열사로, 20% 정도는 AI 스타트업과 공공기관 등으로 진출했다.

수료생 중 소프트웨어(SW) 관련 비전공자들이 많다는 점도 눈에 띈다. 1·2기 교육생 중 비전공자는 절반을 넘는다. 2기 교육생이자 정치외교학을 전공한 신진영씨는 “비전공자 입장에서 고민이 있었지만 기술에 집중할 수 있는 일이 맞을 것 같아 AI 트랙에 지원했다”며 “프로그래밍 언어를 이번 기회에 처음 접하게 됐는데 기초부터 잘 배울 수 있어서 이제 무리 없이 다루는 수준이 됐다”고 말했다.

어디에서나 교육받을 수 있어 상대적으로 교육 여건이 좋지 않은 지역 학생들의 참여도도 높다. 온·온프라인으로 교육이 진행되는 에이블스쿨의 지방 학생 참여 비율은 전체 교육생의 절반 정도다.

에이블스쿨은 향후 5년간 5000명의 기업 실무형 인재를 양성할 계획이다. 특히 전국 단위 운영으로 지역 인재를 집중 양성할 방침이다. 양성된 인력은 KT 그룹뿐만 아니라 유망 스타트업·강소기업들에 채용 연계된다. 이를 통해 청년실업과 IT(정보기술) 인력부족 문제 등 해결에 기여하겠다는 계획이다.

또 전국 대학과 업무 협약 등을 통해 에이블스쿨 참여 시 대학 학점인정을 추진 중이다. 이를 통해 더 많은 학생의 참여를 지원하고 디지털 역량을 향상시킬 수 있도록 돕는다.

박기현 KT 에이블스쿨사업담당(상무)은 “20대 중후반 친구들이 6개월이라는 시간을 투자하는 게 굉장히 큰 도전”이라며 “KT는 최선을 다해 이들을 교육하고 청년이 사회에 나가 역량을 펼칠 수 있도록 다양한 지원을 할 것”이라고 말했다."
2022-10-27 09:00:00,"보도자료 바로가기▶


인공지능이 대세라는데 실무는 전혀 몰랐거든요. 이제 자신감이 생겼습니다.
#19일 서울 마포구에 위치한 정보통신산업진흥원(NIPA) 교육장. 30여 명의 청년이 수업에 집중하고 있었다. 이날은 KT 인재육성 프로그램 에이블스쿨 수강생들이 자신의 프로젝트 결과물에 대한 피드백을 받는 날이었다. 긴장된 순간이지만 수강생들은 종종 웃음도 터트리고 고개를 끄덕인다. 피드백을 전하는 강사를 바라보는 시선은 선생님보다는 선배에 가까웠다. KT 관계자는 ""어려운 인공지능(AI)도 기초부터 차근차근, 실무 중심으로 수업이 진행되기 때문""이라고 설명했다.



""실무교육 중심, 높은 취업 성공률 자랑""
KT의 디지털 인재양성 사업 에이블스쿨은 '기업이 필요한 인재는 직접 키워 뽑는다'는 목표로 지난해 12월 600명 규모로 닻을 올렸다. 올해 7월 말 시작된 2기 교육생은 750명으로 규모가 커졌다. 2기 참가 자격은 만 34세 미취업자 중 4년제 대학 졸업자 또는 졸업 예정자, 즉 '취업 준비생'이다. AI와 디지털 분야 인재 육성을 목표로 매일 7시간씩 6개월 동안 이론 수업을 840시간 경험한 뒤 서울, 대전, 광주, 부산 등 거점 지역에서 기업 실전형 프로젝트 수업에 참여한다. 오프라인 수업은 참가자 스스로 선택할 수 있는데도 매 수업마다 20~30명 이상 출석하고 있다.
교육의 초점이 '실무 학습'인 만큼 KT 임직원들이 특별 강사로도 나선다. KT가 이처럼 인재 육성에 진심인 이유는 기업적 요소와 사회적 요소가 있다. 좋은 인재를 육성해야 기업 경쟁력이 높아지고, 불필요한 스펙 경쟁 대신 꼭 필요한 직업 교육이 사회적으로 중요하다는 것이다.
주목할 점은 에이블스쿨의 '취업 승률'이다. 1기 참가자의 경우 교육생 절반이 프로그램 진행 중 일자리를 구했다. 교육을 진행한 KT그룹은 물론이고 현대중공업그룹, LG전자, 우리은행 등 'AI 원팀' 소속 기업 및 스타트업 등에서 채용 의사를 밝혔다. 진영심 그룹인재개발실장은 ""전문적인 이론 교육과 철저한 실무 중심 수업으로 기업이 필요로 하는 인재를 길러낸 결과 좋은 성과가 났다""고 강조했다.
수료생들의 반응도 좋다. 대학 4학년 2학기가 끝나갈 무렵 신청했다는 1기 수료생 김나래씨는 ""AI, 디지털 분야 비전공자라 대학 휴학 후 코딩 학원도 다니고 사교육도 받았지만 현장에서 벌어지는 다양한 변수가 없는 공장식 교육의 한계가 너무 컸다""며 ""다양한 데이터와 컨설팅을 활용한 실무형 교육이 도움이 됐다""고 말했다. 이 밖에도 ""대학 강의, 일반 소프트웨어 개발 교육에서는 겪어 보기 어려운 진짜 일하는 방식을 배웠다"", ""AI교육 프로그램을 찾기 쉽지 않은데 기본기부터 실전까지 두루 학습했다"", ""비전공자도 기초부터 따라갈 수 있다"" 등 다양한 반응이 나왔다.
KT는 앞으로 5년 동안 에이블스쿨을 통해 전국에서 약 5,000명의 AI·디지털인재를 집중 양성할 계획이다. KT그룹의 직접 채용뿐만 아니라 AI원팀 소속 기업 및 강소기업과의 채용 연계 기회도 늘린다. 진 실장은 ""청년 실업과 정보기술(IT) 인력 부족의 사회적 난제 해결에 보탬이 되도록 노력하겠다""면서 ""청년 인재 육성을 위해 글로벌 연구기관과 협력, 산학연 협의체 구성도 강화할 것""이라고 강조했다.


""RE100 이니셔티브 가입, 필수환경 경영으로""

KT는 친환경 경영에도 열을 쏟고 있다. 단순한 '친환경'을 넘어 모든 건물과 시설, 서비스에 친환경적 요소를 담은 '필수환경 경영'으로 나아갈 계획이다. KT의 친환경 행보는 2013년 전사 차원의 환경경영위원회 구성에서 시작했다. 올해 6월에는 글로벌 RE100 이니셔티브 가입을 최종 승인받았다. RE100은 2025년까지 기업이 사용하는 전력의 100%를 재생에너지로 충당하는 프로젝트다.
KT는 이를 위해 해마다 업무용 차량을 전기차로 바꾸고 있다. 또 'AI 빌딩 오퍼레이터'와 'AI 데이터센터(IDC) 오퍼레이터' 기술을 사옥과 IDC 등 주요 시설에 접목하고 있다. 해당 기술은 AI가 건물의 온도와 습도를 자동으로 제어해 전력 소비를 줄인다. 회사 측에 따르면 AI빌딩 오퍼레이터는 사무용 건물 전력 소모를 10~15% 줄였다. 지난해 KT 목동 및 용산 IDC 등에 적용됐고 올해는 수도권 IDC로 확대 적용된다.
임직원들의 소소한 환경 지킴이 행보도 활발하다. 불필요한 메일을 비우는 '지.우.개' 캠페인과 다회용컵 사용 운동인 '일회용품 지우개' 프로젝트가 대표 사례다. 언뜻 보기엔 '시시한 활동'이라는 생각도 들지만 지우개 캠페인 이후 1년 동안 약 140만 건의 불필요한 메일 삭제가 이뤄졌고, 광화문과 송파 사옥에선 약 23만 개의 일회용컵이 다회용컵으로 대체됐다.
KT는 지배구조 개선을 위한 경영 투명화에도 힘을 쏟고 있다. 2020년부터 주주총회에 전자투표제를 시행해 주주 편의를 강화했다. '주주와 소통이 최선'이라는 기조로 그룹 내 상장사까지 전자투표제 일괄 도입을 검토 중이다. 또 11명의 이사진 중 8명을 사외이사로 꾸려 73% 비율을 유지 중이다. 상법에 나와 있는 요건인 과반수를 넘는 수치다. KT 관계자는 ""대표이사와 이사회 의장을 분리하고 이사회가 경영진으로부터 독립적 의사 결정을 하고 경영 감독을 할 수 있도록 제도화했다""고 강조했다."
2022-10-13 09:00:00,"보도자료 바로가기▶

13일 경기 성남 KT 분당사옥 505호 교육장. KT그룹 내 '숨은 AI(인공지능) 고수'를 찾는 해커톤을 앞두고 참가자들이 팽팽한 긴장감 속에 토론에 몰두하고 있었다. 해커톤에서는 KT 그룹사를 포함해 광역본부 등 전국 각지에서 모인 참가자들이 3인 1조로 뭉쳐 14일까지 이틀간 자웅을 겨룬다. 

밤을 새서 진행되는 만큼 편한 복장에 개인 모니터와 장비를 펼쳐놓는 참가자들이 눈에 띄었다. 오전 10시가 되자 미션 주제로 '헬스케어 영상 데이터 기반 유방암 질병 진단'이 제시됐다. 순간 참가자들이 짧은 탄식에 이어 웅성거리다 이내 진지하게 머리를 맞댔다. 

KT가 내부 조직원을 대상으로 개최한 AI 해커톤 'AI 플레이 2022' 본선에는 기획자, 개발자, 디자이너 등 직급과 부서를 가리지 않고 참가자들이 몰렸다. 참가자들은 이날 본선에 앞서 지난달 30일까지 예선을 치렀다. 

대회를 총괄한 정찬호 KT IT전략기획담당(상무)은 ""해커톤은 회사 내부의 당면 과제를 해결하고 사업에 도움을 받고자 출발했다""며 ""임직원들은 해커톤을 준비하고 공부하는 과정에서 실력이 향상되는 경험을 하고 있다""고 말했다. 

 '해킹'과 '마라톤'의 합성어인 해커톤은 한정된 기간 내 참가자가 팀을 구성해 끊임없이 아이디어를 도출하고 서비스나 비즈니스 모델을 완성하는 방식이다. 메타, 구글 등 글로벌 기업뿐 아니라 삼성전자, 네이버, 카카오 등 국내 IT기업, 정부기관, 지자체들도 해커톤을 통해 창의적인 아이디어와 인재를 키우고 있다. 

ABC(AI·빅데이터·클라우드)를 바탕으로 한 '디지코' 도약을 꾀하는 KT는 특히 적극적이다. 실무 능력을 검증하고, 회사에서 고민하는 과제들을 문제로 내걸어 직원들의 역량을 가늠할 수 있기 때문이다. 올해 영상 데이터 기반 관련 미션을 제시한 것은 '텔코'에서 벗어나 DX(디지털전환) 사업을 확장하려는 KT그룹의 의지가 담긴 것으로 해석된다. 지난 대회에서는 모바일, 인터넷 가입자 해지 방지 문제나 IPTV 콘텐츠 추천 취향 분석, 미납 통신비 수납 예측 등 텔코 사업 관련 문제가 주를 이뤘었다. 

이번 해커톤은 코로나19 이후 처음 오프라인으로 열린 가운데 117개 팀, 337명이 참여해 역대 가장 많은 참가자가 지원했다. 초기에는 기술 부서 비중이 높았지만, 올해는 AI의 저변이 넓어지면서 그룹사 직원들이 많아진 것이 특징이다. 그룹사(22.8%), 광역본부(22%), 사업부서(22.8%)로 비슷한 비중이었다. 예선 통과자 중에는 2030 젊은 세대가 많았지만, 신입사원과 함께 팀을 짠 부장·팀장급 직원들도 눈에 띄었다. 부산, 충청도에서 서울까지 올라온 직원들도 있었다. 특히 치열한 예선을 뚫고 본선에 오른 팀 중에서는 KT가 운영하는 디지털 인재 양성 프로그램인 'KT 에이블스쿨' 출신들이 돋보였다. 

채용 연계를 통해 KT에 입사한 에이블스쿨 수료생은 지난 5월 입사한 신입사원이지만, 뛰어난 실력으로 본선 진출의 기회를 얻었다. 

예선전에서 1위를 한 팀에 속한 조영래 사원은 ""팀원들과 서로 다른 부서에 있지만 에이블스쿨에서 만난 인연으로 팀을 꾸렸다""며 ""실력을 객관적으로 평가 받을 수 있는 이번 행사에서 능력을 보여주고 싶다""고 말했다. 

참가자들은 KT의 AI 플랫폼인 'AIDU' 내에서만 데이터 다운로드를 하고 AI 모델을 개발해야 한다. 데이터 사용 형평성과 외부유출 방지를 위해서다. 심사는 어떻게 문제를 접근하고 푸는지를 중점적으로 본다. 

새로운 시도를 할수록 참신성 부분에서 높은 점수를 얻을 수 있다. KT는 20개 팀의 최종 본선대회를 거쳐 대상 1팀, 최우수상 1팀, 우수상 3팀을 뽑아 시상한다.

정 상무는 ""AI 데이터를 잘 가공하고 분석하는 것은 난제 중 난제""라며 ""해커톤 대회가 디지코 KT 성장의 밑거름이 될 것으로 기대한다""고 말했다."
2022-09-22 09:00:00,"보도자료 바로가기▶

KT, 청년 AI 인재양성 프로그램 가동
KT도 청년 AI 인재양성 프로그램 KT 에이블스쿨(KT AIVLE School)을 실시 중이다. 지난 5월에는 2기 교육생 모집을 마쳤다.
KT 에이블스쿨은 디지털플랫폼기업 KT의 성장 가속화를 이끌 AI 인재양성을 위해 추진해온 내부 인력 육성 프로젝트로부터 시작됐다.
외부 인재 영입만큼이나 해당 산업 이해도와 업무 숙련도가 높은 내부 임직원의 디지털 역량을 높이는 것이 중요하기에 실무형 디지털 인재 육성에 박차를 가해 53세의 영업부장도, 20대 비전공자도 AI 개발자로서 직무 전환에 성공하는 등 2년 간 약 1,200여 명의 디지털 인력을 배출하는 성과를 냈다.
이후 국가 차원의 AI 경쟁력 강화를 위해 고용노동부와 협력해 KT 미래인재 양성 노하우를 바탕으로 한 에이블스쿨을 출범했다. 청년들의 본질적인 취업 경쟁력과 디지털 역량 강화와 함께 타 기업과도 협력해 교육생들의 채용 기회 확대에도 앞장서고 있다.
만 34세 미취업자 중 4년제 대학 졸업자 및 졸업 예정자라면 누구나 지원이 가능한 에이블스쿨은 매일 7시간씩 6개월 간 총 840시간의 이론 실습 교육과 기업 실전형 프로젝트 수행에 참여하는 방식으로 이뤄진다.
교육생들은 전국 어디서나 접속 가능한 온라인 교육 및 실습 플랫폼과 더불어 수도권을 비롯해 대전, 광주, 대구, 부산 등에 위치한 KT 광역본부를 거점으로 마련된 교육장을 이용하게 된다. 이 교육은 전액 무상으로 제공되며, 현직의 전문가들이 학습 방법뿐만 아니라 일하는 방식까지 직접 코칭한다.
또 교육생들에게 AI 실무 역량을 검정하는 민간 자격 ‘AIFB(AI Fundamentals for Business)’의 취득 기회를 부여하고, 다양한 경쟁 프로그램을 통한 수상 기회도 제공한다. 뿐만 아니라 프로젝트 포트폴리오 작성 컨설팅, 모의 면접 등 교육생들의 취업에 실질적인 도움이 될 수 있는 다각도의 지원 방안도 마련했다.
1기 교육생의 경우 지난해 12월 입교식을 시작으로 교육을 진행해왔고, 교육생 중 절반 가량은 교육 수료 이전에 이미 KT 그룹을 비롯한 AI 원팀 소속 기업, 국내 유수 스타트업 등 20여개 사에서 채용하겠다는 의사를 밝혀 이를 위한 절차가 진행되고 있다."
2022-09-15 09:00:00,"보도자료 바로가기▶

한국서부발전은 발전소 데이터를 개방해 발전업계의 기술 개발을 촉진하고 에너지 신사업을 발굴하기 위한 노력을 기울이고 있다. 한국서부발전은 지난 7월 발전데이터 활용을 장려하기 위해 한국전자기술연구원(KETI), 삼성SDS, 한국생산기술연구원(KITECH)과 '지속가능한 에너지 활용을 위한 인공지능(AI) 경진대회'를 열었다. 서부발전은 예측모델 개발에 필요한 신재생 발전설비 운영데이터를 제공했다. 

이 대회는 지난 7월 11일부터 8월 22일까지 약 6주간 진행됐다. 연구기관, 대학, 대·중소기업 등에서 214개팀 369명이 '인공지능 개발 경진'과 '분산전원의 효율적 매매를 위한 아이디어 경진' 두 트랙으로 나눠 참가했다. 참가팀들은 신재생에너지 분야에 활용될 인공지능 솔루션을 개발하고 실용성 있는 아이디어를 도출하기 위해 각축을 벌였다. 

첫 번째 트랙의 대상은 울산과학기술원(UNIST)의 'SevenTo11'이 차지했다. SevenTo11은 탐색적 데이터 분석법(EDA), 기압 예측 모델 등의 방법을 사용해 다양한 모델을 검증·선정하고 높은 정확도의 인공지능 예측 모델을 개발했다. 최우수상은 KT에이블스쿨의 'AIVLE'이 수상했다. 두 번째 트랙 대상은 상명대학교 '에너지그리드'가, 최우수상은 숭실대학교 'HI-FIVE'가 각각 수상했다. 

한국서부발전은 발전회사 최초로 2020년 11월 경기 성남 판교글로벌R&D센터에 디지털 기술공유센터를 열었다. 발전소는 고품질의 산업데이터를 생산하는 공간이다. 특히 발전기기 운전데이터는 기계, 화학 등 다양한 산업군과 연계돼 파급 효과가 크다. 하지만 발전소를 직접 방문해야 관련 정보를 얻을 수 있었고, 해킹 등 보안 문제 탓에 제한적으로 활용됐다. 서부발전은 수도권 주요 업무지구에 디지털 기술공유센터를 열어 이 같은 애로를 선제적으로 해결하고 있다. 

지난해 3월에는 KETI와 발전데이터 공유플랫폼을 개발해 데이터 활용이 필요한 협력사 개발자들이 통합 서비스를 받을 수 있도록 했다. 개발자는 디지털 기술공유센터를 방문해 각종 데이터베이스, 개발언어, 고속분석, 시각화 소프트웨어를 자유롭게 사용할 수 있다. 공유플랫폼에 연계된 운전데이터는 약 40만건으로 태안, 평택 등 서부발전 4개 사업소와 신재생 설비에서 생산됐다. 

코로나19 팬데믹에 따른 거리 두기에도 운영이 본격화한 지난해 3월 이후 300여 명이 디지털 기술공유센터를 찾아 협력을 논의했다. 같은 기간 공유플랫폼에 접속한 인원은 약 1700명에 달한다. 

센터는 개관 이후 기업, 연구소, 학계 등 70여 개 기관과 기술협약을 맺고 30건의 과제를 수행 중이다. 

디지털 기술공유센터는 18개월간 진행한 1단계 사업을 마무리하고 보다 발전된 2단계 사업을 준비 중이다. 올 해 말에 시작되는 2단계 사업은 클라우드, 메타버스 기술을 활용해 사무실이나 모바일 환경 모두 자유롭게 데이터를 활용할 수 있도록 공유 플랫폼을 고도화하는 게 핵심이다. 

디지털 기술공유센터는 2단계 사업에서 초현실, 비대면 기반의 스마트발전소 혁신기술 개발을 가속화하고 '디지털 비즈니스 플랫폼'을 구축할 계획이다. 이를 통해 인공지능 알고리즘 검증과 디지털 전환 컨설팅, 데이터 유통 같은 새로운 비즈니스 모델을 발굴해 새로운 먹거리를 기대할 수 있다. "
2022-08-16 09:00:00,"보도자료 바로가기▶
""교육생들은 실제 KT의 프로젝트를 맡아 KT가 고민하는 문제, 일하는 방식을 자연스레 습득하게 됩니다. KT가 원하는, 기초체력이 튼튼한 인재를 키우는 거죠."" 김이한 KT 융합기술원 원장은 매일경제와 만나 KT가 최근 디지털 인재 양성 프로그램을 대폭 확대한 취지를 이같이 밝혔다. 융합기술원은 KT그룹의 연구개발(R&D)을 담당하는 조직이다. 유무선 네트워크 기술 전반에 대한 연구를 담당하는 인프라연구소, 로봇·에너지·물류·메타버스를 비롯해 실제 산업에 곧바로 적용 가능한 기술을 다루는 컨버전스연구소, 사람의 언어를 이해하고 처리하는 '초거대 AI'를 연구하는 AI2XL연구소로 구성돼 있다. 

KT는 올해 포스텍, 카이스트와 함께 AI 전문 인재 양성을 위한 '채용연계형 전일제 석사과정(계약학과)'을 개설했다. 지난해 관련 과정을 처음 마련한 한양대에 더해 문호를 넓힌 것이다. 여기에 KT는 올해 국내외 석·박사 대학원생 대상 '연구인턴제'도 신설했다. 계약학과의 경우 학비와 연구지원비 전액을 KT가 지원하며 방학 기간 KT 인턴십을 통해 실무 경험도 쌓을 수 있다. 연구인턴 역시 KT가 현직 연구원에 준하는 수준의 급여를 지급하며 우수 수료자에게는 채용 우대 혜택까지 제공한다. 

김 원장은 KT가 보유한 최신 그래픽처리유닛(GPU) 인프라스트럭처와 방대한 데이터 풀을 학생들이 마음껏 연구에 활용할 수 있다는 점을 프로그램의 가장 큰 경쟁력으로 꼽았다. 김 원장은 ""한양대에서 과정을 진행해본 결과 대학이 보유한 GPU보다 체감상 속도가 2배 빠른 최신 GPU를 단독으로 사용할 수 있어 참여 학생들의 연구 실적이 월등하게 좋다는 점에 만족도가 높았다""고 전했다. 이어 ""KT가 유무선 통신뿐 아니라 광고·미디어, 금융(BC카드·케이뱅크)에 이르기까지 다양한 영역에서 사업을 영위하는 만큼 관련 데이터를 풍부하게 확보한 점 역시 결과물의 차이를 뒷받침하고 있다""고 덧붙였다. 


 


KT의 지원은 단순히 장비만 제공하는 데 그치지 않는다. 대학원생들이 KT 실무에 직접 참여하며 학계에서 접하기 어려운 실제 개발 환경상의 문제점을 배우고, 필요한 경우 관련 논문 작성이나 특허 작성에 있어 KT 연구원들의 밀착 지원을 받을 수 있다는 설명이다. 김 원장은 ""단순히 연구에 그치지 않고 그 결과를 모델링을 거쳐 실제 사업에까지 적용한 경험을 가진 경우는 의외로 많지 않다""며 ""KT 융합기술원에는 이같은 '엔드투엔드'를 경험한 인력이 네트워크, 모빌리티, 에너지 관리, 고객센터를 포함해 다양한 영역에 포진돼있다""고 강조했다. 

KT가 운영하고 있는 AI 인재양성 프로그램은 비전공자와 4년제 대학 학부 졸업자(졸업예정자)들에게도 기회가 열려 있다. 만 34세 이하 미취업자를 대상으로 디지털 실무 교육을 제공하는 '에이블스쿨'이 대표적이다. 교육은 AI 서비스 개발자를 양성하는 'AI 개발자 트랙'과 기업용(B2B) 디지털 전환 기술을 습득하는 'DX 컨설턴트 트랙'으로 나뉜다. 현재 2기 교육이 진행 중이며, 지난 5월 말 기준 1기 교육생 20% 이상이 KT 채용에 최종 합격했다. 

KT 융합기술원은 기술 생태계 확장을 위한 학계·산업계와의 공동 연구에도 적극적이다. 지난 6월 카이스트와 AI 공동연구센터 '코리아 테크 스퀘어'를 설립하고 인간의 감정을 인식하고 사고하는 AI를 함께 개발하기로 한 사례가 대표적이다. 김 원장은 ""카이스트가 선행연구를 진행하면 KT가 이를 빠르게 현장에 적용하며 간극을 맞추고 있다""고 설명했다. 그는 ""사람의 마음을 움직이는 언어는 무엇인지, 이를 로봇에 적용할 경우 로봇이 어떻게 움직이거나 반응하면 인간에게 도움이 될지 등과 관련해 알고리즘을 기획하고 데이터를 분석해 연구 내용이 실제로 작동하는지 함께 확인하고 있다""고 말했다. 

또한 KT는 최근 AI 연구개발 포털 '지니랩스'를 개설하고 중소기업이나 스타트업이 KT의 AI 응용프로그램인터페이스(API)를 자유롭게 활용할 수 있도록 했다. 기술이 실제 산업현장에 빠르게 안착될 수 있도록 개방형 R&D 생태계를 구축한다는 취지다. 김 원장은 ""지니랩스를 통한 개발 성과를 공유하는 개발자 컨퍼런스를 준비하고 있다""며 ""대학생과 대학원생들을 대상으로 한 API 활용 개발 경진대회도 실시해 수상자들에게는 채용 우대 혜택도 지원할 예정""이라고 귀띔했다. "
2022-08-07 09:00:00,"보도자료 바로가기▶




KT는 IT서포터즈를 비롯해 수십 년 간 이어온 장수 사회공헌 활동 연대기를 엮은 신규 기업 광고를 공개했다고 7일 밝혔다.

이번 광고는 디지털 격차를 해소하고 국민의 더 나은 삶을 실현하기 위해 ESG 경영 실천에 앞장서겠다는 KT의 의지가 담겼다고 회사 측은 설명했다.

KT는 1993년 PC통신 도입 이후 취약계층을 대상으로 한 정보화 교육을 시작으로 도서간 등 격오지의 디지털 환경을 개선하고 학생들의 IT 교육과 어르신들을 위한 스마트폰 활용 교육을 꾸준히 실시해왔다.

2007년 공식 출범한 'IT서포터즈'는 초고속 인터넷의 빠른 보급과 함께 15년 간 총 34만 건의 IT 교육을 해왔다. 그 누적 수혜 인원은 370만 명에 달한다.

KT 임직원으로 구성된 사회공헌 조직인 '사랑의 봉사단'은 2001년부터 지역사회에서 손길이 필요한 곳을 찾아 사회복지, 의료보건, 문화예술 등 다양한 분야의 나눔 활동을 실천하고 있다.

코로나19 이후 청소년의 교육 격차 해소를 위해 추진 중인 '랜선야학'은 서울시를 시작으로 전국으로 확산되며 수혜 인원이 늘고 있다. 최근에는 청년 디지털인재 양성 프로그램 '에이블스쿨(AIVEL School)'로 청년들의 취업 경쟁력 제고에 일조하고 있다.

이번 광고는 지난 6일 KT 공식 유튜브 채널에 60초 분량의 영상으로 공개됐다. 본편 광고도 같은 날 TV 방영을 시작했다.

'이상한 변호사 우영우'로 신드롬급 인기를 모으고 있는 배우 박은빈씨가 이번 KT 광고의 나레이션을 맡았다. 광고 모델로는 전남 신안군 임자도에서 랜선야학으로 학업에 도움을 받은 실제 주인공 김소향 학생, 에이블스쿨을 통해 KT의 AI 개발자로 취업에 성공한 신입사원 최승훈씨가 직접 등장했다."
2022-07-04 09:00:00,"보도자료 바로가기▶

[앵커]

'문과를 나와 죄송합니다.'라는 자조적 말이 유행할 정도로, 문과생의 취업 문턱은 갈수록 높아지는 상황인데요.

기업이 직접 가르쳐서 뽑는 식으로 비전공자들도 IT 회사 취업이라는 벽을 허물고 있어 눈길을 끌고 있는데요.

강예슬 기자가 보도합니다.

[리포트]

동의대학교 중어중문학과를 졸업한 이현진 씨.

지방대생에 비전공자라는 불리한 조건에서 국내 최대 통신사 입사의 문턱을 넘었습니다.

기업과 부산시가 지역 청년을 IT 인재로 키우는 '부산 디지털혁신아카데미'에서 교육을 받았는데, 수업에서 배웠던 데이터 분석과 머신러닝, 딥러닝을 실제 업무에서 활용하고 있습니다.

[이현진/부산디지털혁신아카데미 KT 에이블스쿨 수료생 : ""정말 취업이 될 거라고는 예상하지 못해서 기뻤는데요. 제가 직접 취업을 해보니까 정말 실무에 필요한 역량들을 가르쳐주더라고요. 업무에 적응하기에 큰 어려움은 없을 것 같습니다.""]

디지털혁신아카데미는 모든 과정을 각 기업이 직접 실무에 필요한 교육을 하고, 교육비도 무료입니다.

일대일 지도 수업이라 비전공자도 쉽게 따라갈 수 있습니다.

우수한 성적으로 교육 과정을 수료하면, 정규직 채용길도 열립니다.

[김서인/부산디지털혁신아카데미 교육생/아동복지학 전공 : ""솔직히 이 직업에 대해서는 전공자가 아니면 혼자 공부해서 취직하기가 어려워요. 여기서 배우는 커리큘럼에 있는 기술들이 현직에서 꼭 필요한 언어와 기술들이고….""]

기업 역시, 학벌과 전공에 상관없이 숨은 인재를 발굴 할 수 있어 만족하고 있습니다.

[김진/KT 에이블스쿨 교육 팀장 : ""지난주 고용노동부 장관배 해커톤이라는 대회에서 부산이 대상을 받았어요. 좋은 인재를 우리가 직접 가르치고 채용할 수 있다는 점, 지역에 있는 인재들을 양성한다는 차원에서….""]

부산디지털혁신아카데미 수료자의 취업률은 약 59%.

부산시는 더 많은 인재를 키우기 위해 한해 수강생 수를 2천 명으로 늘리고, 대상도 부산·울산·경남으로 넓혔습니다.

KBS 뉴스 강예슬입니다."
2022-06-24 09:00:00,"보도자료 바로가기▶


KT(대표이사 구현모)의 청년 디지털 인재양성 프로그램 ‘에이블스쿨’ 수료생들이 고용노동부 주관 ‘K-디지털 트레이닝 해커톤’에 출전해 뛰어난 역량을 펼치며 대상과 우수상을 차지했다고 24일 밝혔다.

이번 해커톤에는 전국의 소프트웨어(SW) 인재 706명이 150개 팀으로 참가해 최종 본선에서 총 10개 팀이 경합을 벌였다. 이 가운데 이번에 대상을 수상한 ‘도로정찰대’팀과 우수상을 수상한 ‘크로마키’팀은 모두 올해 상반기 에이블스쿨 1기를 우수한 성적으로 수료하고 KT에 채용된 신입사원들로 구성돼 눈길을 끌었다.

이들은 지난 6개월 간 총 840시간의 에이블스쿨 교육 과정을 통해 쌓아온 AI 실무 경험을 토대로 각각 ‘위성사진 기반 도시 정비 AI 서비스’와 ‘개인정보 보호를 위한 영상 자동 모자이크 서비스’를 개발했으며, 이 프로젝트들은 사회 문제를 해결하는 데 기여할 수 있고 곧바로 상용화가 가능한 수준이라는 점에서 높은 평가를 받은 것으로 알려졌다.

이 2개 팀은 각각 에이블스쿨의 AI 개발자 트랙 수료생 5명과 DX 컨설턴트 트랙 수료생 1명으로 구성됐는데, DX 컨설턴트 트랙 수료생은 아이디어를 발굴하고 데이터 분석 및 솔루션 컨설팅 역할을 맡았으며, AI 개발자 트랙 수료생들은 AI 솔루션을 서비스로 구현해 내는 완성도 높은 AI 개발 역량을 발휘했다.

이번 해커톤 수상팀의 구성원들은 “에이블스쿨에서 배운 AI와 소프트웨어 지식을 토대로 문제를 발굴하고 제한 시간 내 빠르게 구체화 하는 과정에서 KT의 1등 워크숍 방식을 활용한 것이 주효했다”며, “효율적으로 데이터를 분석해내고 개발에 착수하며 현업 개발자 출신의 에이블스쿨 코치와 함께 쌓아왔던 실무 경험들을 떠올렸고, 이번 수상을 통해 AI 역량을 검증 받을 수 있어 의미가 크다”고 밝혔다."
2022-06-09 09:00:00,"보도자료 바로가기▶


KT가 올해부터 2026년까지 네트워크, 디지털플랫폼(디지코) 사업, 벤처·스타트업 분야 등에 총 27조원 투자를 벌인다. 각 분야에서 국가 디지털전환(DX) 전환을 이끌겠다는 목표다. 디지털 인재를 키워 2만8000여명을 직접 고용하겠다는 목표도 내놨다. 
통신·디지털에 각각 12조…'국가 경쟁력 제고'
이날 KT는 통신사업(텔코) 분야에 12조원을 투자한다고 밝혔다. 디지털전환과 초연결 시대 근간이 되는 통신망(네트워크) 인프라를 고도화하고 차세대 통신 기술을 확보한다는 방침이다. 

네트워크 안정성을 더 높이기 위해 이중·삼중 조치를 더한다. 기존엔 서울 구로·혜화 등 수도권에 집중돼 있는 통신 안정 인프라 '재해복구센터(DR센터)'를 수도권 이외 지역에도 추가로 구축한다. DR센터는 천재지변 등 재난이 발생해도 통신 서비스를 지속할 수 있도록 운영하는 곳이다. 초고속인터넷, 인터넷TV(IPTV), 무선서비스 등 핵심 서비스에 대해 우회 경로도 확대한다. 어느 한 경로에 문제가 생겨도 다른 경로로 통신을 유지하기 위해서다. 

5세대(5G) 이동통신 관련 차세대 인프라를 고도화한다. 6세대(6G) 이동통신 핵심기술 연구 개발에도 속도를 붙일 방침이다. 

최근 KT가 신사업을 대거 추진하고 있는 인공지능(AI), 로봇, 클라우드, 미디어·콘텐츠 등 디지코 분야에도 12조원을 투입한다. AI컨택센터(AICC)와 로봇사업 등에 1조5000억원을 투자하기로 했다. AICC는 KT가 국내 최대 콜센터 운영 경험을 바탕으로 AI·빅데이터 기술을 더해 지난해 시작한 기업간거래(B2B) 사업이다. AI 서비스 플랫폼 '기가지니' 데이터를 활용한 로봇 플랫폼 사업도 추진하고 있다.

KT는 이들 주력 신사업 분야에서 영상AI, 구독 서비스형 AICC센터(CCaaS·서비스로서의 AICC), 초거대 AI 등을 개발할 계획이다. 

국내 디지털 인프라 생태계 조성에도 힘쓴다. 토종 서비스를 키워 국가 경쟁력 제고에 기여한다는 목표다. 글로벌 수준 클라우드·AI 인프라 경쟁력을 확보하기 위해 클라우드·인터넷데이터센터(IDC) 분야에 약 1조7000억원을 투자한다. 지난 4월 KT에서 분사해 출범한 KT클라우드를 필두로 서비스를 키울 전망이다. 

KT는 '빌려쓰는 AI 인프라' 서비스로 작년 말 세계 최초 출시한 하이퍼스케일 AI 컴퓨팅(HAC) 등 AI 인프라에 집중 투자하고 AI 플랫폼·서비스 영역까지 사업을 확대한다. 대규모 그래픽처리장치(GPU) 모음인 'GPU 팜'을 구축하고, 특화 AI반도체를 자체 개발할 계획이다.

이를 통해 소프트웨어와 하드웨어를 아우른 자체 AI 컴퓨팅 생태계를 조성하겠다는 구상이다. 현실화하면 기업들이 외국 GPU 기반 서비스에만 의존하지 않고 국내 기술 기반 AI 인프라를 필요한 만큼 쉽게 빌려 쓸 수 있게 된다. 
K-콘텐츠·스타트업 생태계도 대폭 지원
K-콘텐츠 육성을 위해 미디어·콘텐츠 분야에도 약 2조6000억원을 투입한다. 콘텐츠 제작, 지식재산권(IP) 확보를 비롯해 콘텐츠 기획·제작·유통·서비스 등을 아우르는 미디어 가치사슬(밸류체인) 확장안을 검토하고 있다. 가입자가 국내에서 가장 많은 IPTV 플랫폼 '올레tv' 등 KT그룹 콘텐츠 밸류체인을 토대로 글로벌 시장에서도 입지를 다진다는 목표다. KT는 이번에 발표한 투자안과는 별도로 콘텐츠 수급에만 약 6조원을 집행할 계획이다. 

벤처·스타트업 분야에는 5년간 3조원을 들인다. 벤처·스타트업의 시장 정착을 지원하고, KT와 협력해 사업을 키울 수 있도록 돕는다. KT는 앞서 더핑크퐁컴퍼니, 메가존클라우드, 야놀자를 비롯해 콘텐츠·클라우드·플랫폼 등 분야 스타트업 성장을 도운 사례를 여럿 냈다.

혁신기술 보유 스타트업과 공동 사업을 추진하는 '비즈콜라보' 프로그램은 6년째 운영하고 있다. 중소 파트너 대상으로는 KT가 보유한 특허권을 무상 양도하거나 기술 이전을 지원하고, 글로벌 시장 진출도 돕고 있다. KT는 ""금융, 디지털 헬스케어, 모빌리티 등 KT 그룹 내 역량도 결집해 국가 디지털 경쟁력 강화를 주도할 것""이라고 했다. 
디지털 인재 양성해 5년간 2만8000명 '직접고용'
국내 디지털 인재 집중 양성에도 나선다. KT는 ""KT그룹은 현재 약 14만3000명 가량 일자리 창출에 기여하고 있다""며 ""올해부터 5년간 2만8000명을 새로 직접 고용할 것""이라고 밝혔다. 지역 인재 채용 우대 제도를 마련해 지역 균형발전을 견인하고, 소프트웨어 개발자 전형을 신설하는 등 역량 중심의 인재 채용을 추진한다.

전국 단위 디지털 인재 양성 프로그램도 키운다. KT는 사내 교육을 통해 임직원을 AI·빅데이터·클라우드 직무로 바꿔주는 '미래인재육성 프로젝트'를 3년째 이어오고 있다. 그간 육성한 실무형 인력이 약 1000명에 달한다. 이를 통해 쌓은 노하우와 인프라를 청년들에게 적극 개방한다. 

작년부터 운영하는 청년 AI 인재양성 프로그램 '에이블스쿨'을 활용한다. 에이블스쿨은 전국에 걸쳐 지역 대학생과 청년 구직자에게 AI·디지털전환(DX) 기술 교육을 무료로 제공한다. 업무 현장에서 바로 쓸 수 있는 실무 역량을 키우도록 하기 위해 KT 그룹 내 AI 전문가가 직접 커리큘럼을 구성하고, 현직자들이 프로젝트 강사로 나섰다.

KT는 향후 5년간 에이블스쿨을 통해 전국에 걸쳐 디지털 인재 약 5000명을 양성해 청년 실업, IT 인력부족 등 사회적 난제 해결에 기여한다는 방침이다. 최근 마무리된 에이블스쿨 1기는 약 200명이 수료했고, 이중 40명은 KT에 채용됐다. 나머지는 KT 그룹사와 스타트업 등에서 채용 절차를 밟고 있다. 

국내 AI 인재 양성을 위해 만든 AI 자격 인증제 'AIFB'는 AI 역량 공인 인증제로 발전시켜 5년간 자격취득 5만명을 달성하겠다는 목표를 내놨다. AIFB는 100% 온라인 실기 평가 형식으로 기업 실무에 필요한 AI 역량을 평가한다. 기업의 실제 AI 활용사례와 데이터를 기반으로 AI 모델을 개발하는 게 주요 내용이다. KT는 대학교와 고등학교에도 AI 관련 교육 플랫폼을 제공하는 등 AI 교육 협력을 확대할 계획이다. 
""ICT 기술로 산업 안전·탄소중립 등 기여""
KT는 이날 디지코 기반 기술과 솔루션을 활용해 사회적 문제 해결의 밑거름이 되겠다고도 발표했다. 그간 네트워크 구축·운용 현장 경험과 기술력을 확산해 산업 재해를 줄이는 데에 기여할 계획이다.

KT는 사물인터넷(IoT) 기반 스마트 안전모, 지능형 영상분석 폐쇄회로TV(CCTV), AI 기반 가상펜스, 지능형 화재 조기감지 시스템 등 다양한 솔루션을 운영하고 있다. 이를 바탕으로 중대재해 솔루션 역량이 필요한 중소기업 등에 컨설팅과 교육 등을 지원할 계획이다.

탄소중립 달성과 기후변화 대응을 위한 녹색 신기술 R&D도 강화한다. KT는 앞서 AI를 활용한 에너지 절감 솔루션인 'AI빌딩 오퍼레이터'를 도입해 평균 15% 에너지 절감효과를 냈다. 2600억 규모의 ESG 채권 발행을 발행해 친환경 사업 등을 목적으로 스타트업 생태계도 육성하고 있다.

구현모 KT 대표는 ""초연결 인프라와 디지코 영역 등에 적극적인 미래 투자를 벌일 것""이라며 ""이를 통해 다양한 산업 영역에서 신사업 모델을 제시하고 생태계를 발전시켜 국가 디지털전환을 선도하겠다""고 했다. 그는 ""디지털 인재도 적극 양성해 일자리를 창출하고, 국가 핵심 산업 경쟁력을 강화하고자 한다""고 덧붙였다. "
2022-05-25 09:00:00,"보도자료 바로가기▶



경북대학교는 케이티와 25일 경북대 본관에서 소프트웨어(SW) 분야 인재 양성을 위한 업무협약을 체결했다.

이번 협약으로 두 기관은 KT가 운영하는 청년 AI·DX(디지털전환) 인재양성 프로그램인 'KT 에이블스쿨(KT AIVLE School)'을 통해 SW 분야 핵심실무 인재 양성을 추진한다.

경북대 졸업(예정)자의 SW교육과정(KT 에이블스쿨) 참여, KT 에이블스쿨 과정 이수에 대한 학점연계 도입 검토 및 협력, KT 에이블스쿨 과정 운영에 대한 경북대 인프라 지원 및 협조, 지역 및 대학 특화산업을 고려한 SW 인재양성 사업 발굴·운영 공동 협력 등이 주요 협약 내용이다.

안창용 KT대구·경북광역본부장은 ""우수한 디지털 실무 인재를 배출해 지역사회 AI 경쟁력과 저변 확대는 물론 학생들의 채용기회 확대에도 실질적인 도움을 줄 것""이라고 말했다.

임상규 경북대 학생처장은 ""지난 50년 간 전자, 반도체, 정보통신 분야 인재를 육성하며 국가 신산업 성장을 이끌어온 저력을 바탕으로 4차 산업혁명 시대 첨단 분야 인재 수요를 반영한 맞춤형 교육을 펼치겠다""고 말했다."
2022-05-22 09:00:00,"보도자료 바로가기▶


KT가 대한민국 디지털인재 양성을 위해 운영하는 인공지능(AI)·디지털전환(DX) 무상 교육과정 '에이블스쿨'이 첫 교육 수료생을 배출했다. 이중 약 20% 이상이 KT 채용에 최종 합격했다. 

22일 KT는 에이블스쿨 1기 교육생들이 온라인 수료식을 치렀다고 밝혔다. 이들은 약 6개월 간 AI, DX 관련 총 840시간 교육 과정을 이수했다. KT는 ""1기 교육생 20% 가량이 KT 채용에 최종 합격했다""며 ""수료식 이후엔 KT DS, KT클라우드, KT롤랩을 비롯한 KT 그룹사와 AI 원팀 소속 기업, 스타트업 등의 채용 연계가 진행될 예정이라 일자리를 얻게 되는 수료생 수는 더 늘어날 전망""이라고 했다. 

교육 기간 동안 AI 실무 자격인증 AIFB 응시 기회를 제공받은 교육생 중 80%가 AIFB의 중급 트랙(과정)인 어소시에이트(Associate) 자격증을 취득했다. AIFB는 실제 업무 현장에서 AI를 다루는 법을 중점적으로 평가하는 자격 인증이다. KT그룹을 비롯해 현대중공업그룹과 동원그룹, 한국투자증권 등 32개사에서 사내 교육 프로그램에 도입해 활용하거나 AIFB 취득자를 채용 과정에서 우대하고 있다.

KT 에이블스쿨은 청년들의 취업 경쟁력을 높이고 정보통신(IT) 신산업 분야 일자리 수요와 청년 인재간 '미스매치'를 줄이기 위한 디지털 인재 양성 프로그램이다. 고용노동부가 후원하고 KT가 운영한다. AI 서비스 개발자를 양성하는 AI 개발자 트랙, 디지털 산업을 선도하는 DX 컨설턴트 트랙 등 두개 과정이다. 

KT는 AI 등 디지털 기술 교육 기회가 부족한 청년들을 위해 에이블스쿨을 운영한다. 대전, 광주, 부산, 대구, 원주 등 전국 광역본부를 거점으로 전액 무상 교육을 지원한다. KT는 이 프로그램을 통해 매년 1200명씩 3년간 AI·DX 인재 3600명을 육성하는 게 목표다. 교육생들이 기업 실무를 익힐 수 있도록 KT AI 전문가가 직접 커리큘럼을 구성했다. KT의 대표 인재양성프로그램인 '미래인재육성 프로젝트'를 통해 검증한 자체 AI 교육 내용을 활용했다. KT AI 전문가들이 직접 프로젝트 강사로도 나선다.

디지털 인재 양성 교육을 채용과 연계한 게 특징이다. KT는 에이블스쿨 기수별 수료생 중 10%를 KT에서 채용한다는 방침이다. 교육 수료 이후에도 채용 연계를 지원한다. 

1기 수료생과 2기 교육생간 멘토링 프로그램 등도 마련할 예정이다. 1기 수료식에 참석한 한 교육생은 ""KT 에이블스쿨 교육 기간 동안 학교에서는 경험하기 어려운 기업의 실무 프로젝트를 직접 수행해 볼 수 있었고, 현업 재직자들의 전문 코칭을 받아 일하는 방식까지 배울 수 있어 실질적인 취업 경쟁력 향상에 도움이 됐다""고 말했다. 

KT는 에이블스쿨 2기도 모집하고 있다. 모집 기간은 오는 27일까지다. 만 34세 이하 미취업자 중 4년제 대학졸업자(졸업예정자)라면 전공과 상관없이 누구나 지원할 수 있다. 2기는 오는 7월 말부터 6개월간 교육을 받게 된다. "
2022-04-24 09:00:00,"보도자료 바로가기▶



KT가 오는 25일부터 청년 AI 인재양성 프로그램 KT 에이블스쿨(KT AIVLE School) 2기 교육생 모집을 시작한다고 24일 밝혔다.

7월 말부터 6개월 간의 교육 과정에 참여하게 될 총 750명 규모다. 오는 25일부터 5월 27일까지 모집한다. 만 34세 미취업자 중 4년제 대학 졸업자 혹은 2022년 8월 및 2023년 2월 졸업 예정자라면 누구나 지원 가능하다.

KT 에이블스쿨 2기는 매일 7시간씩 6개월간 총 840시간의 이론 실습 교육과 기업 실전형 프로젝트 수행에 참여하게 된다. 교육생들은 전국 어디서나 접속 가능한 온라인 교육 및 실습 플랫폼과 수도권을 비롯해 대전, 광주, 대구, 부산 등에 위치한 KT 광역본부를 거점으로 마련된 교육장을 이용하게 된다. 이 교육은 전액 무상으로 제공되며, 현직의 전문가들이 학습 방법뿐만 아니라 일하는 방식까지 직접 코칭한다.

또 교육생들에게 AI 실무 역량을 검정하는 민간 자격 ‘AIFB’ 취득 기회를 부여하고, 다양한 경쟁 프로그램을 통한 수상 기회도 제공한다. 프로젝트 포트폴리오 작성 컨설팅, 모의 면접 등 교육생들의 취업에 실질적인 도움이 될 수 있는 프로그램도 운영한다.

KT 에이블스쿨은 KT의 성장 가속화를 이끌 AI 인재양성을 위해 추진해온 내부 인력 육성 프로젝트로부터 시작됐다. 외부 인재 영입만큼이나 해당 산업 이해도와 업무 숙련도가 높은 내부 임직원의 디지털 역량을 높이는 것이 중요하기에 실무형 디지털 인재 육성에 박차를 가해 53세의 영업부장도, 20대 비전공자도 AI 개발자로서 직무 전환에 성공하는 등 2년간 약 1200여 명의 디지털 인력을 배출하는 성과를 냈다.

이후 대한민국 청년 인재 양성을 통한 국가 차원의 AI 경쟁력 강화를 위해 고용노동부와 협력해 KT 미래인재 양성 노하우를 바탕으로 한 에이블스쿨을 출범했다. 청년들의 본질적인 취업 경쟁력과 디지털 역량 강화와 함께 타 기업과도 협력해 교육생들의 채용 기회 확대에도 앞장서고 있다.

1기 교육생의 경우 지난해 12월 입교식을 시작으로 교육을 진행해왔고, 교육생 중 절반 가량은 교육 수료 이전에 이미 KT 그룹을 비롯한 AI 원팀 소속 기업, 국내 유수 스타트업 등 20여개 사에서 채용하겠다는 의사를 밝혀 이를 위한 절차가 진행되고 있다.

KT는 내달 3일 에이블스쿨 2기 모집 설명회를 온라인으로 진행한다. 모집 요강 및 교육 커리큘럼 등의 자세한 사항은 KT 에이블스쿨 홈페이지에서 확인할 수 있다.

진영심 KT 인재개발실장 상무는 “전 산업 영역에서의 빠른 디지털 전환 움직임으로 인해 점차 많은 기업에서 KT 에이블스쿨이 양성한 디지털 실무 인재 채용에 관심을 보이고 있다”며, “앞으로도 KT 에이블스쿨은 우수한 디지털 실무 인재를 지속적으로 배출해 대한민국 AI 경쟁력과 저변을 확대하는 데 기여하고, AI 실무 인력의 채용 기회 확대에도 최선을 다할 것”이라고 말했다."
2022-04-11 09:00:00,"보도자료 바로가기▶


[앵커]
취업난 여전하죠?
그런데 채용 현장에선 기업들이 막상 뽑을 사람이 없다고 말합니다.
기업에서 요구하는 IT 실무형 인재가 턱없이 부족하기 때문인데요.
그래서 기업들이 최근 IT 업무를 직접 가르쳐서 직원을 채용하는 일이 많아졌다 합니다.
달라진 취업 풍경, 정연우 기자가 취재했습니다.

[리포트]
통신 기업이 운영하는 온라인 교육 프로그램입니다.
취업 준비생들을 대상으로 AI 개발과 디지털 전환 부문을 집중적으로 가르치고 있습니다.

[석재민/KT 에이블스쿨 코치 : ""데이터 탐색은 저희가 샘플 데이터를 확인하는 것과...""]

평소 배울 기회가 적었던 IT 실무 수업에 교육생 반응도 좋습니다.

[조영래/취업준비생 : ""저는 우주과학을 전공했고, 작년 12월에 에이블스쿨에 들어와서 AI 개발자로 공부하고 있습니다. 머신러닝이나 딥러닝에 대해서 어느 정도 배우고..""]
[최승훈/취업준비생 : ""인공지능에 필요한 기본적인 코딩 역량을 기를 수 있고 이런 점들이 취업에 많이 도움이 됐던 것 같습니다.""]

이 기업이 구직자들을 대상으로 직접 교육에 나선 건 IT 실무 역량을 갖춘 인재가 그만큼 귀하기 때문입니다.
당장 올해만 IT 개발 부분에 14,000명이 부족하다는 통계도 있습니다.
이때문에 기업들 사이에선 인재를 기다리기 보다 직접 가르쳐서 뽑는 경우가 점점 많아지고 있습니다.
삼성 그룹 역시 청년 소프트웨어 아카데미를 운영하면서 지금까지 5천 명 넘는 교육생을 배출했습니다.
채용 박람회에서도 IT 실무를 배운 구직자들을 선호하는 목소리가 갈수록 커지고 있습니다.

[정영인/한국조선해양 책임매니저 : ""빅데이터라든지 AI 분야에 대한 이제 어느 정도 실무에 바로 투입할 수 있는 기본적인 지식이 있으면 좋을 것 같습니다.""]
장기적으로는 교육 체계 자체를 손 볼 필요가 있다는 지적도 나옵니다.

[김용춘/전국경제인연합회 고용정책팀장 : ""국가적으로 IT 인력을 좀 더 많이 키울 수 있도록 대학 정원 규제를 완화한다든지 교육 훈련을 강화한다든지 하는 등의 노력이 좀 필요할...""]
정부는 올해 과학 기술 인재 육성을 위해 지난해보다 50% 이상 늘어난 8조 원을 투입할 계획입니다."
2022-04-10 09:00:01,"보도자료 바로가기▶
KT가 청년 AI인재양성 프로그램 KT 에이블스쿨(KT AIVLE School) 1기 교육생을 대상으로 KT그룹을 비롯한 AI 원팀 참여 기업, 스타트업 등이 참여한 가운데 잡페어(Job Fair)를 개최했다고 10일 밝혔다.
이날 행사에는 KT를 비롯한 BC카드, 케이뱅크, 지니뮤직, 나스미디어 등 KT 그룹 내 주요 기업과 AI 원팀 내 현대중공업그룹, 올거나이즈(인지검색), 웨인힐스벤처스(AI영상제작), 디에스랩글로벌(사이버보안), 액션파워(음성인식개발), 모빌린트(AI반도체개발) 등 스타트업 5개사도 참여해 KT 에이블스쿨이 양성한 실무 인재를 대상으로 채용 설명회를 진행했다.
KT 에이블스쿨 교육생들은 이 행사를 통해 각 기업별 채용 담당자와 해당 기업의 AI·DX 관련 직무 분야 현직자를 만나 자유롭게 질의응답 할 수 있는 시간을 가졌다.
이날 참석한 교육생 중 일부는 4월 중에 수시 채용 절차를 거쳐 KT 에이블스쿨의 채용 연계 기업에 우선 채용될 수 있는 기회를 얻게 된다. 1기 교육이 마무리되는 5월 중순께 기업별 정시 채용 절차도 진행될 예정이다.
KT 인재개발실장 진영심 상무는 ""전 산업 영역에서의 빠른 디지털 전환 움직임으로 인해 KT그룹과 AI원팀 소속 기업 외에도 점차 많은 기업에서 KT 에이블스쿨이 양성한 디지털 실무 인재 채용에 관심을 보이고 있다""며 ""앞으로도 KT 에이블스쿨은 대한민국을 AI 강국으로 이끌 경쟁력 있는 디지털 실무 인재를 지속적으로 배출하고, 이들이 보다 많은 영역에서 활약할 수 있도록 채용 기회 확대에도 최선을 다할 것""이라고 말했다."
2022-04-10 09:00:00,"보도자료 바로가기▶


(서울=연합뉴스) KT가 청년 AI인재양성 프로그램 'KT 에이블스쿨'(KT AIVLE School) 1기를 대상으로 AI 원팀 참여 기업, 스타트업 등이 참여한 가운데 잡페어를 개최했다고 10일 밝혔다. 사진은 지난 8일 열린 KT 에이블스쿨 잡페어 현장"
2022-03-29 09:00:00,"보도자료 바로가기▶

KT그룹이 디지털플랫폼기업(디지코) 성장을 위해 역대 최대 규모의 신규 인력 채용 계획을 내놨다. KT는 올해부터 3년간 총 1만20000명의 신규 채용을 실시한다고 29일 밝혔다.

채용 방식도 확 바꿨다. 신설된 소프트웨어 개발자 채용의 경우 학력 제한을 없앴다. 서류전형과 적성시험을 없애고 코딩 테스트만 실시한다. 코딩 역량이 우수한 지원자는 인성검사와 면접만 통과하면 KT의 신입사원으로 입사하게 된다.

대졸 신입사원 채용의 경우 직무 분야에 따라 채용 연계형 인턴제가 운영된다. 대졸 신입사원 채용 모집 기간은 29일부터 다음달 11일까지로 SW개발, 정보기술(IT) 보안 , ICT 인프라기술, 유통채널관리, Biz영업 5개 직무 분야에서 선발한다. 이중 ICT인프라기술과 유통채널관리, Biz영업 3개 직무 분야의 지원자들은 인턴십을 거쳐 최종 입사가 결정된다. IT, 로봇, 바이오헬스 등 신사업 분야 중심의 경력직과 석박사 채용 전형은 연중 상시 채용으로 전환했다.

지역 인재 선발에도 적극 나선다. 인공지능(AI), 디지털 전환(DX) 실무 교육을 무상으로 제공하는 'KT 에이블스쿨'을 통해 인재를 직접 양성해 채용한다. KT는 지방 학생들의 경쟁력을 높이기 위해 KT의 6대 광역본부를 거점으로 연간 1200명의 교육생을 선발해 2024년 까지 총 3600명의 지역 인재를 양성할 계획이다.

AI 인력은 한양대학교, 카이스트와 AI 석사과정을 신설해 졸업 후 연구원으로 채용한다. 선발된 인재들은 자연어 처리, 음성인식, 딥러닝 등의 교육과정으로 구성된 이론 교육뿐만 아니라 KT의 대규모 AI 프로젝트에도 참여하며 졸업 후 KT 연구원으로 근무하게 된다.

퇴직 직원들을 위한 일자리 재창출 노력도 보탰다. 만 50세 이상 직원을 대상으로 정년퇴직 후 인생설계를 위한 내일설계휴직제도를 비롯해 60세 이상 정년퇴직자들을 시니어컨설턴트로 재고용하는 제도도 적극 시행 중이다. KT는 올해부터 60세 이상의 퇴직자 중 약 800여 명을 그룹사의 '안전보조원'으로 채용해 산업 현장의 안전사고 예방과 더불어 시니어 일자리 창출에도 기여할 계획이다."
2022-03-14 09:00:00,"보도자료 바로가기▶

KT가 다양한 인공지능(AI) 교육에 나서고 있다. 인재 양성을 토대로 정보기술(IT)산업 생태계 확장에 기여하겠다는 취지다.

KT는 지난 8일 컴퓨터에 연결해 직접 실습할 수 있는 AI 코딩블록 사물인터넷(IoT) 키트(사진)를 출시했다고 발표했다. 이는 KT가 개발한 AI 코딩 교육 플랫폼 'AI 코딩블록'에 AI·IoT·로봇 융합 교구를 추가한 것이다. 단순 온라인 강의를 넘어 직접 소프트웨어를 만들고 기계를 움직이면서 체험할 수 있다는 점이 특징이다. 학습자는 AI 제어 스마트 하우스, AI 팩토리, AI 비서 로봇 등 다양한 기기를 직접 제작할 수 있다.

오프라인 코딩 교육도 한다. KT는 와이즈교육과 협업해 서울 양천구 등 전국 112개 지역에서 KT AI 코딩블록 IoT 키트를 활용한 오프라인 교육을 할 예정이다. 이외에도 어린이용 코딩 교육과정, 코딩 경진대회 등을 운영할 계획이다.

KT는 AI 활용 역량을 검증하기 위한 민간 자격시험도 도입했다. KT 사내에서 활용하던 AI 실무 자격인증시험인 'AIFB(AI Fundamentals for Business)'를 민간에 공개하기로 했다. 오는 26일 첫 정기 시험을 앞두고 있다.

KT는 취준생을 대상으로 하는 AI 교육 프로그램도 운영 중이다. 정부와 진행하는 청년 고용 창출 정책 '청년희망온(ON) 프로젝트'의 일환으로 지난해 말 'KT 에이블스쿨'을 개강했다. KT에이블스쿨은 3년간 3600명의 수료생 양성을 목표로 한다. 우수 수료생에겐 KT그룹 입사 혜택을 준다."
2021-12-13 09:00:01,"보도자료 바로가기▶

  13일 KT 분당사옥에서 KT 제1기 에이블스쿨 교육생들이 영상으로 참여하는 온라인 입교식이 진행되고 있다. [사진 제공 = KT]

""인공지능(AI)·디지털 인재 양성에서도 KT가 지닌 네트워크의 힘을 확실히 보여주겠다."" 

삼성에 이어 KT가 청년 AI·디지털 인재 양성에 팔을 걷어붙였다. KT는 13일 제1기 KT 에이블스쿨 교육생들이 영상으로 참여한 가운데 경기도 분당 사옥에서 온라인 입교식을 열고 본격적인 교육을 시작했다고 밝혔다. KT 에이블스쿨은 청년들의 취업 경쟁력을 높이고 기업 인재 확보라는 두 마리 토끼를 잡기 위해 출범한 청년 AI 인재 양성 프로그램이다. 

고용노동부 후원을 토대로 올해부터 3년간 총 3600명의 미래 AI·디지털 인재를 육성한다는 방침이다. 

산업계에서는 삼성 청년SW아카데미(SSAFY)를 필두로 대학이 아닌 기업이 자체 소프트웨어(SW) 인재 육성 프로그램 개발에 열을 올리고 있다. 

제도권 교육에 의존하는 인재 확보 채널을 다양화해 자체 프로그램으로 실무형 인재를 육성하고 동시에 이 중 성과가 우수한 수료생들을 채용하는 방식이다. 

삼성 KT 포스코 등 주요 기업이 올해 배출하는 SW 인재는 약 4000명으로 지난해 서울 소재 4년제 대학의 전산·컴퓨터공학 졸업생(3097명)을 넘어설 전망이다. 

KT 관계자는 ""전국 만 29세 이하 미취업자 중 4년제 대학졸업자(졸업예정자 포함)를 대상으로 교육생 수백 명을 모집했다""면서 ""이 프로그램이 채용 연계형이다 보니 심사 과정에서 매우 엄격한 테스트가 진행됐다""고 밝혔다. 

교육생들은 서류전형과 인·적성 검사, 코딩 테스트 등 여러 심사 절차를 밟은 것으로 알려졌다. 

이들은 내년 5월까지 하루에 8시간씩 6개월간 총 840시간의 집중적인 교육을 무상으로 받게 된다. 

이론과 기본 교육은 비대면 중심으로 이뤄지고 프로젝트 실습 단계에서 대면 교육이 집중 적용된다. KT는 교육생 편의를 위해 KT 광역본부를 거점 교육장으로 지정하고 전국 교육생들이 원하는 지역을 선택할 수 있도록 했다. 교육은 AI 서비스 개발자를 양성하는 'AI 개발자 트랙'과 디지털 산업을 선도하는 'DX 컨설턴트 트랙' 등 2개 과정으로 나뉘어 진행한다. 

특히 곧바로 실무 현장에 투입될 수 있는 인재를 육성하기 위해 KT그룹 내 임원급 AI 전문가 등이 강사로 참여한다. "
2021-12-13 09:00:00,"보도자료 바로가기▶

(서울=연합뉴스) 정윤주 기자 = KT[030200]는 분당 사옥에서 온라인으로 KT 에이블스쿨(AIVLE School) 1기 교육생 입교식을 열고 교육을 시작했다고 13일 밝혔다. 
KT 에이블스쿨은 고용노동부가 후원하고 KT가 운영하는 청년 AI 인재 양성 프로그램이다.

KT는 전국 만 29세 이하 미취업자 중 4년제 대학 졸업자와 졸업예정자를 대상으로 서류 전형과 인적성 검사, 코딩 테스트 등을 진행해 교육생을 최종 선발했다.
1기 교육생들은 내년 5월 중순까지 하루 8시간씩 6개월간 총 840시간의 교육을 무료로 받는다. 

교육은 AI 서비스 개발자를 양성하는 'AI 개발자 트랙'과 디지털 산업을 선도하는 'DX 컨설턴트 트랙' 등 2개 과정으로 구성됐다. 

교육생들은 AI 실무 역량을 검정하는 민간 자격 'AIFB(AI Fundamentals for Business)' 취득 기회를 얻는다. 이 중 우수한 성적으로 수료한 교육생은 KT 채용 전환형 인턴십 또는 그룹사 채용 연계 등의 우대 혜택을 받을 수 있다. 

구현모 KT 대표는 ""청년들이 KT 에이블스쿨로 대한민국 ICT(정보통신기술) 분야 최고 전문가로 성장하기를 바란다""고 말했다. "
2021-10-24 09:00:00,"보도자료 바로가기▶



구현모 KT 대표이사(사진 맨 왼쪽)와 김부겸 국무총리(사진 맨 오른쪽)가 지난달 9일 AI 무상교육 프로젝트간담회에 참석한 대학생들과 함께 기념촬영을 하고 있다. KT 제공
KT가 청년의 취업 경쟁력을 지원하기 위해 인공지능(AI)·디지털전환(DX) 인재양성 프로그램 ‘KT 에이블 스쿨’ 1기 교육생을 모집한다고 24일 밝혔다.

KT 에이블 스쿨은 청년에게 AI·DX 교육을 제공해 실무 인재를 키우는 프로그램이다. AI 개발자, DX 컨설턴트 등 두 개 과정으로 이뤄졌다.

모집기간은 오는 25일부터 다음달 5일까지다. 만 29세 이하 미취업자 중 4년제 대학졸업자(졸업예정자)라면 전공과 상관없이 누구나 지원할 수 있다. 교육은 전액 무상으로 이뤄진다. ‘국민내일배움카드’로 고용노동부 훈련장려금을 받으면 최대 200만원 규모 훈련지원금도 받을 수 있다.

1기 교육생들은 오는 12월부터 6개월간 하루 8시간씩 총 840시간 교육을 받게 된다. 서울, 대전, 광주, 부산, 대구, 원주 등 전국 6개 권역을 거점으로 원하는 곳에서 교육을 받을 수 있다.

교육생들이 기업 실무를 익힐 수 있도록 KT AI 전문가가 직접 커리큘럼을 구성했다. KT의 대표 인재양성프로그램인 ‘미래인재육성 프로젝트’를 통해 검증한 자체 AI 교육 내용을 활용했다. KT AI 전문가들이 직접 프로젝트 강사로도 나선다.

KT는 우수 교육생에게 KT그룹 채용 우대 혜택을 제공한다. 교육생들에게 AI 실무역량인증 민간자격 AIFB 취득 기회도 준다. AFIB는 기업에서 필요로하는 실무 AI 활용역량 검정 자격이다. KT, 비씨카드, 케이뱅크 등, 현대중공업그룹 등이 이 자격을 채용·인사에 활용한다.
이 프로그램은 정부가 청년 취업 경쟁력을 높이기 위해 추진하고 있는 ‘청년희망 ON’ 프로젝트의 일환이다. 고용노동부가 후원해 KT가 운영한다. 1기는 총 600명을 선발한다.
KT는 이 프로그램을 통해 매년 1200명씩 3년간 AI·DX 인재 3600명을 육성하는 게 목표다. 구현모 KT 대표는 지난달 초 서울 우면동 KT연구개발센터에서 김부겸 국무총리와 기자간담회를 열고 이같은 계획을 밝혔다.

진영심 KT 그룹인재개발실장(상무)는 “KT는 정부가 추진하고 있는 ‘청년희망 ON’ 프로젝트에 첫 번째로 참여한 기업”이라며 “청년들의 경쟁력 확보와 일자리 창출 지원을 위해 최선을 다할 것”이라고 말했다. 이어 “기업 실무에서 활약할 수 있는 인재를 키우기 위해 KT가 보유하고 있는 ‘ABC(AI·빅데이터·클라우드)’ 기술도 활용할 것”이라고 덧붙였다."
2021-10-15 09:00:00,"보도자료 바로가기▶

KT는 ‘KT 에이블 스쿨’ 1기 교육생 600명을 25일부터 다음 달 5일까지 모집한다고 24일 밝혔다. KT 에이블 스쿨은 청년 무상 교육 프로젝트로, 만 29세 이하 미취업자 중 4년제 대학 졸업자나 졸업 예정자를 기업이 필요로 하는 인공지능, 디지털 전환 분야 청년 개발자로 양성하는 것이 목표다. 1기 교육생은 오는 12월부터 6개월간 매일 8시간씩 총 840시간 동안 코딩 등 소프트웨어 교육을 받는다.

전공과 무관하게 지원할 수 있고, 서류·인적성검사·코딩 테스트 3단계를 거쳐 뽑힌 교육생은 서울뿐 아니라 대전·광주·부산·대구·원주 등 전국 6개 권역을 거점으로 원하는 곳에서 교육받을 수 있다. 1기를 시작으로 KT는 매년 1200명씩 3년간 총 3600명을 선발할 예정이다.

교육과정 성적 우수자에게는 KT그룹 채용 우대 혜택도 제공한다. 교육비는 전액 무료이고, 선발된 인원은 고용노동부의 ‘국민내일배움카드’를 신청해 최대 200만원의 훈련 지원금도 받을 수 있다."
